fromDate,toDate,fromTime,toTime,Brand,Model,Speed,Color,Location,lat,long
4/20/2014,4/20/2014,900,1200,URBAN,CRUISER,1,WHI,1000 CAMINO PESCADERO ,34.410469,-119.858688
3/8/2011,3/8/2011,1630,1930,TREK,ALLANT,,BLK,1000 EL EMBARCADERO RD,34.410216,-119.855947
6/10/2011,6/20/2011,1500,1000,PFFRAN,JULIUS,1,WHI,1000 EL EMBARCADERO RD,34.410216,-119.855947
8/4/2012,8/5/2012,2230,100,RETROS,58,1,SIL,1000 EL EMBARCADERO RD,34.410216,-119.855947
8/4/2012,8/5/2012,2230,100,,,1,BLK,1000 EL EMBARCADERO RD,34.410216,-119.855947
10/22/2011,10/24/2011,30,1230,K2,ZED 2.0,21,GRY,6500 CERVANTES RD,34.416437,-119.853841
3/23/2012,9/23/2012,900,900,JEEP,CHEROKEE,12,RED,6500 CERVANTES RD,34.416437,-119.853841
11/15/2014,11/15/2014,400,500,MABIN,BIKES CA,24,BLU,6500 CERVANTES RD,34.416437,-119.853841
11/15/2014,11/15/2014,400,500,TOUCH,,1,BLK,6500 CERVANTES RD,34.416437,-119.853841
7/15/2011,7/18/2011,1300,915,SCHWIN,POINT BEA,7,WHI,6500 CORDOBA RD,34.413791,-119.853885
10/14/2011,10/14/2011,2300,2315,RETRO,,1,,6500 CORDOBA RD,34.413791,-119.853885
5/4/2012,5/4/2012,620,700,(UNK),XCEL 2,7,SIL,6500 CORDOBA RD,34.413791,-119.853885
5/22/2012,5/23/2012,1930,1000,URBAN,BEACH CRU,,PNK,6500 CORDOBA RD,34.413791,-119.853885
5/23/2012,5/24/2012,2400,2400,,GGG,1,BLU,6500 CORDOBA RD,34.413791,-119.853885
5/30/2012,6/1/2012,1600,800,MARIN,SAN SELMO,,WHI,6500 CORDOBA RD,34.413791,-119.853885
6/8/2012,6/10/2012,2100,1400,DIAMON,,24,BLU,6500 CORDOBA RD,34.413791,-119.853885
7/19/2012,7/24/2012,1800,1200,AMERIC,COAST,1,WHI,6500 CORDOBA RD,34.413791,-119.853885
8/4/2012,8/4/2012,230,1030,,,,,6500 CORDOBA RD,34.413791,-119.853885
8/24/2012,8/25/2012,2100,300,SCOTT,,,GRY,6500 CORDOBA RD,34.413791,-119.853885
10/9/2012,10/9/2012,1700,1900,SEA,,1,BLU,6500 CORDOBA RD,34.413791,-119.853885
12/21/2012,,2055,0,,FREE CRUS,,PLE,6500 CORDOBA RD,34.413791,-119.853885
12/21/2012,,2055,0,URBAN,,,,6500 CORDOBA RD,34.413791,-119.853885
9/26/2013,9/30/2013,1700,930,PUBLIC,,8,ONG,6500 CORDOBA RD,34.413791,-119.853885
1/19/2014,1/20/2014,2315,1215,DIAMO,WILDWOOD,,BLU,6500 CORDOBA RD,34.413791,-119.853885
7/3/2014,7/7/2014,1300,900,FIXIE,,1,MAR,6500 CORDOBA RD,34.413791,-119.853885
11/12/2014,11/13/2014,1600,1300,RETROS,ROADBIKE,1,WHI,6500 CORDOBA RD,34.413791,-119.853885
1/20/2015,1/21/2015,2030,750,MARIN,,,GRY,6500 CORDOBA RD,34.413791,-119.853885
3/14/2015,3/15/2015,2300,100,KENT,GLENDALE,7,GRN,6500 CORDOBA RD,34.413791,-119.853885
7/2/2015,7/6/2015,1200,915,FUJI,,21,GRY,6500 CORDOBA RD,34.413791,-119.853885
8/12/2015,,1720,0,MICARG,,,,6500 CORDOBA RD,34.413791,-119.853885
1/12/2016,1/13/2016,1200,1000,BEATER,3-SPEED,3,GRN,6500 CORDOBA RD,34.413791,-119.853885
6/10/2011,6/11/2011,1400,1600,RALEIG,M40,21,GRN,6500 DEL PLAYA DR,34.40927,-119.853708
6/24/2011,6/30/2011,1530,1530,ELECTR,,1,WHI,6500 DEL PLAYA DR,34.40927,-119.853708
8/10/2011,8/11/2011,2100,830,PHAT,,1,PNK,6500 DEL PLAYA DR,34.40927,-119.853708
9/19/2011,,100,0,NISHIK,,,SIL,6500 DEL PLAYA DR,34.40927,-119.853708
9/20/2011,9/20/2011,2130,2200,TREK,1420,21,BLU,6500 DEL PLAYA DR,34.40927,-119.853708
10/9/2011,10/10/2011,2000,800,,,,,6500 DEL PLAYA DR,34.40927,-119.853708
10/14/2011,10/17/2011,1600,1654,HAWAII,,1,PNK,6500 DEL PLAYA DR,34.40927,-119.853708
10/16/2011,10/16/2011,1,730,FUJI,,1,RED,6500 DEL PLAYA DR,34.40927,-119.853708
11/18/2011,11/19/2011,100,1330,DRAFT,,1,GLD,6500 DEL PLAYA DR,34.40927,-119.853708
1/11/2012,,2000,0,RALEIG,VENTURE 3,21,BRO,6500 DEL PLAYA DR,34.40927,-119.853708
6/16/2012,6/16/2012,1000,2200,SCHWIN,SPRINT,10,BLU,6500 DEL PLAYA DR,34.40927,-119.853708
6/16/2012,6/24/2012,800,1700,MICARG,,1,RED,6500 DEL PLAYA DR,34.40927,-119.853708
6/17/2012,6/17/2012,1500,1700,KONA,DEW,24,WHI,6500 DEL PLAYA DR,34.40927,-119.853708
6/17/2012,8/3/2012,1300,1500,TREK,CRUISER,1,TAN,6500 DEL PLAYA DR,34.40927,-119.853708
9/8/2012,9/9/2012,1930,1000,FUJI,PALISADE,,,6500 DEL PLAYA DR,34.40927,-119.853708
11/11/2012,11/12/2012,2030,1500,BIANCH,PISTA,1,COM,6500 DEL PLAYA DR,34.40927,-119.853708
12/23/2012,12/27/2012,1300,1630,UNK,,,,6500 DEL PLAYA DR,34.40927,-119.853708
1/20/2013,1/21/2013,2000,1,MARIN,,21,SIL,6500 DEL PLAYA DR,34.40927,-119.853708
4/4/2013,4/5/2013,1600,900,MIYATA,,,,6500 DEL PLAYA DR,34.40927,-119.853708
5/19/2013,5/19/2013,1400,1730,FELT,BROUGHAM,1,SIL,6500 DEL PLAYA DR,34.40927,-119.853708
7/6/2013,7/7/2013,1600,930,TREK,NAVIGATOR,21,BLU,6500 DEL PLAYA DR,34.40927,-119.853708
7/27/2013,,2358,0,MONARC,,,,6500 DEL PLAYA DR,34.40927,-119.853708
8/24/2013,8/28/2013,1100,1400,KONA,PHD,21,WHI,6500 DEL PLAYA DR,34.40927,-119.853708
10/1/2013,10/2/2013,2200,915,,,1,LBL,6500 DEL PLAYA DR,34.40927,-119.853708
10/26/2013,10/27/2013,2000,930,,,,,6500 DEL PLAYA DR,34.40927,-119.853708
11/18/2013,11/18/2013,1,800,WELLIN,3,21,GRY,6500 DEL PLAYA DR,34.40927,-119.853708
3/19/2014,3/20/2014,1700,1800,,,1,BLK,6500 DEL PLAYA DR,34.40927,-119.853708
3/19/2014,3/20/2014,1700,1800,TREK,,,GRN,6500 DEL PLAYA DR,34.40927,-119.853708
3/19/2014,3/20/2014,1700,1800,UNK,,1,WHI,6500 DEL PLAYA DR,34.40927,-119.853708
5/31/2014,6/1/2014,1700,600,PACIFI,OCEANSIDE,1,WHI,6500 DEL PLAYA DR,34.40927,-119.853708
6/16/2014,6/25/2014,1400,2200,SPECIA,,21,,6500 DEL PLAYA DR,34.40927,-119.853708
6/19/2014,6/20/2014,1400,1000,MICARG,,1,YEL,6500 DEL PLAYA DR,34.40927,-119.853708
7/6/2014,7/14/2014,1200,1100,TREK,TREK,18,PLE,6500 DEL PLAYA DR,34.40927,-119.853708
10/3/2014,10/4/2014,2100,1600,MONGOO,ROAD BIKE,,,6500 DEL PLAYA DR,34.40927,-119.853708
10/11/2014,10/12/2014,1130,1200,TREX,,21,GRY,6500 DEL PLAYA DR,34.40927,-119.853708
1/5/2015,,2230,0,UNKNOW,UNKNOWN,1,LGR,6500 DEL PLAYA DR,34.40927,-119.853708
1/10/2015,,1251,0,SE,MOUNTAIN,,SIL,6500 DEL PLAYA DR,34.40927,-119.853708
1/17/2015,1/17/2015,2100,2300,GIANT,CYPRESS,21,RED,6500 DEL PLAYA DR,34.40927,-119.853708
4/4/2015,4/4/2015,1700,1800,ELECTR,,1,GRY,6500 DEL PLAYA DR,34.40927,-119.853708
5/30/2015,5/31/2015,2200,1100,FIXIE,,1,LGR,6500 DEL PLAYA DR,34.40927,-119.853708
10/21/2015,,1405,0,SPECIA,,24,RED,6500 DEL PLAYA DR,34.40927,-119.853708
3/11/2016,3/11/2016,1,900,UNK,,1,WHI,6500 DEL PLAYA DR,34.40927,-119.853708
6/4/2016,6/5/2016,2100,800,SPECIA,HARDTAIL,21,RED,6500 DEL PLAYA DR,34.40927,-119.853708
10/2/2016,10/3/2016,2400,715,AMERIC,WAVE,1,WHI,6500 DEL PLAYA DR,34.40927,-119.853708
9/24/2011,9/24/2011,2000,2230,DENALI,UNK,16,ONG,6500 EL COLEGIO RD,34.417424,-119.854219
10/2/2011,10/2/2011,700,830,SCHWIN,JAGUAR,5,BLU,6500 EL COLEGIO RD,34.417424,-119.854219
10/11/2011,10/12/2011,2200,630,URBAN,CRUISER,1,BLU,6500 EL COLEGIO RD,34.417424,-119.854219
1/5/2012,1/5/2012,1230,1530,MICARG,TAHITI,1,GRN,6500 EL COLEGIO RD,34.417424,-119.854219
3/11/2012,3/12/2012,1000,750,K-2,2,,BLU,6500 EL COLEGIO RD,34.417424,-119.854219
3/23/2012,3/23/2012,1015,1100,FIXIE,,,GRY,6500 EL COLEGIO RD,34.417424,-119.854219
9/7/2012,9/8/2012,2000,630,SCHWIN,,,MAR,6500 EL COLEGIO RD,34.417424,-119.854219
10/6/2012,10/6/2012,1922,2130,RALEIG,C40,21,BRO,6500 EL COLEGIO RD,34.417424,-119.854219
10/25/2012,11/10/2012,1400,1400,VITESS,,,,6500 EL COLEGIO RD,34.417424,-119.854219
1/22/2013,,1200,0,SCHWIN,,,BRO,6500 EL COLEGIO RD,34.417424,-119.854219
9/12/2013,9/16/2013,1200,1100,,,1,GRN,6500 EL COLEGIO RD,34.417424,-119.854219
9/23/2013,,2100,0,GARYFI,TASS,27,BLU,6500 EL COLEGIO RD,34.417424,-119.854219
10/1/2013,10/15/2013,1,1,SPECIA,DOLCE,,,6500 EL COLEGIO RD,34.417424,-119.854219
10/4/2013,10/7/2013,900,800,CRUISE,FITO,1,BLU,6500 EL COLEGIO RD,34.417424,-119.854219
10/16/2013,10/16/2013,1,1000,CARACI,,1,BLK,6500 EL COLEGIO RD,34.417424,-119.854219
10/17/2013,10/18/2013,2100,940,GIANT,ESCAPE 3,,,6500 EL COLEGIO RD,34.417424,-119.854219
11/16/2013,11/18/2013,1400,600,ELECTR,,1,BLU,6500 EL COLEGIO RD,34.417424,-119.854219
12/17/2013,,249,0,NIRVE,,1,SIL,6500 EL COLEGIO RD,34.417424,-119.854219
12/17/2013,,249,0,,,1,BLK,6500 EL COLEGIO RD,34.417424,-119.854219
12/17/2013,,249,0,ELECTR,,1,ONG,6500 EL COLEGIO RD,34.417424,-119.854219
12/17/2013,,249,0,ELECTR,TOWNIE,3,PNK,6500 EL COLEGIO RD,34.417424,-119.854219
3/9/2014,3/10/2014,400,1230,GENESI,GX7,,SIL,6500 EL COLEGIO RD,34.417424,-119.854219
12/5/2014,,1837,0,ELECTR,TOWNIE,7,GRN,6500 EL COLEGIO RD,34.417424,-119.854219
12/23/2014,1/5/2015,1200,1300,UNKNOW,,,BLK,6500 EL COLEGIO RD,34.417424,-119.854219
5/15/2015,5/17/2015,1700,1000,CANNON,F8,,RED,6500 EL COLEGIO RD,34.417424,-119.854219
6/12/2015,,1740,0,NISHKI,ROADBIKE,,,6500 EL COLEGIO RD,34.417424,-119.854219
6/12/2015,,1740,0,,,,,6500 EL COLEGIO RD,34.417424,-119.854219
6/16/2015,6/16/2015,1000,1800,TREK,SERIES820,21,BLK,6500 EL COLEGIO RD,34.417424,-119.854219
5/3/2016,5/4/2016,1900,850,MICARG,TOURING,1,PNK,6500 EL COLEGIO RD,34.417424,-119.854219
7/10/2010,1/2/2011,1800,1000,,,1,BLU,6500 EL GRECO RD,34.415771,-119.853817
10/12/2011,10/13/2011,2300,500,GIANT,OCR71,27,BLU,6500 EL GRECO RD,34.415771,-119.853817
1/13/2012,1/18/2012,2000,1000,PANASO,CRUISER,10,BLK,6500 EL GRECO RD,34.415771,-119.853817
6/14/2012,6/15/2012,2300,1500,UNIVEG,,1,WHI,6500 EL GRECO RD,34.415771,-119.853817
6/17/2012,6/24/2012,1200,2000,3G,CRUISER,,YEL,6500 EL GRECO RD,34.415771,-119.853817
6/20/2012,6/20/2012,2030,2200,FIRMST,URBAN,1,YEL,6500 EL GRECO RD,34.415771,-119.853817
8/23/2012,8/24/2012,1730,630,CANNON,R400,21,DGR,6500 EL GRECO RD,34.415771,-119.853817
3/17/2013,3/18/2013,2100,130,,,,,6500 EL GRECO RD,34.415771,-119.853817
6/19/2013,,821,0,SPECIA,,,,6500 EL GRECO RD,34.415771,-119.853817
10/3/2013,10/4/2013,900,850,WINDSO,BEACH CRU,,,6500 EL GRECO RD,34.415771,-119.853817
11/24/2014,11/25/2014,1700,900,SCHWIN,MADISON,1,MAR,6500 EL GRECO RD,34.415771,-119.853817
12/5/2014,12/6/2014,2130,1100,RETROS,ROAD BIKE,,GRN,6500 EL GRECO RD,34.415771,-119.853817
4/25/2015,4/25/2015,100,1000,MONTGO,,18,BLU,6500 EL GRECO RD,34.415771,-119.853817
6/3/2015,6/3/2015,900,1000,GIANT,TCX,,BLU,6500 EL GRECO RD,34.415771,-119.853817
7/14/2015,,1030,0,HUFFY,PANAMAJAC,,PNK,6500 EL GRECO RD,34.415771,-119.853817
6/8/2016,6/20/2016,1430,1500,GREENL,CRUISER,1,BLK,6500 EL GRECO RD,34.415771,-119.853817
9/23/2016,9/24/2016,2200,800,BMX,,,,6500 EL GRECO RD,34.415771,-119.853817
1/16/2011,1/16/2011,30,130,MIYATA,,,BLU,6500 EL NIDO LN,34.409806,-119.853801
6/1/2011,8/10/2011,1200,1200,MICARG,TAHITI,1,PNK,6500 EL NIDO LN,34.409806,-119.853801
6/13/2011,6/13/2011,1430,1730,SCHWN,,,BLU,6500 EL NIDO LN,34.409806,-119.853801
6/13/2011,6/13/2011,1430,1730,URBAN,,,WHI,6500 EL NIDO LN,34.409806,-119.853801
6/13/2011,6/13/2011,1430,1730,UNK,,,BLU,6500 EL NIDO LN,34.409806,-119.853801
6/13/2011,6/13/2011,1430,1730,,,,WHI,6500 EL NIDO LN,34.409806,-119.853801
6/13/2011,6/13/2011,1430,1730,,,,TRQ,6500 EL NIDO LN,34.409806,-119.853801
6/13/2011,6/13/2011,1430,1730,FIRMST,URBAN,,PNK,6500 EL NIDO LN,34.409806,-119.853801
6/13/2011,6/13/2011,1430,1730,UNK,UNK,,RED,6500 EL NIDO LN,34.409806,-119.853801
10/14/2011,10/15/2011,1800,2323,TREK,950,,WHI,6500 EL NIDO LN,34.409806,-119.853801
6/24/2012,6/24/2012,800,1600,,,1,WHI,6500 EL NIDO LN,34.409806,-119.853801
7/18/2012,7/19/2012,1600,1100,SPECIA,P.1,,ONG,6500 EL NIDO LN,34.409806,-119.853801
3/25/2013,3/31/2013,1700,2130,GIANT,,,,6500 EL NIDO LN,34.409806,-119.853801
8/29/2013,8/29/2013,655,715,PHAT,,1,LBL,6500 EL NIDO LN,34.409806,-119.853801
9/12/2013,9/13/2013,2340,830,TREK,2009,,BLU,6500 EL NIDO LN,34.409806,-119.853801
11/20/2013,11/21/2013,2000,600,MARIN,TARAGUI,29,GRY,6500 EL NIDO LN,34.409806,-119.853801
9/14/2014,9/21/2014,1700,200,,,,,6500 EL NIDO LN,34.409806,-119.853801
2/25/2015,2/25/2015,2200,2215,HUFFY,,21,GRY,6500 EL NIDO LN,34.409806,-119.853801
6/12/2015,6/29/2015,1200,1340,FIRMST,,,,6500 EL NIDO LN,34.409806,-119.853801
10/9/2015,,649,0,SKU,,,,6500 EL NIDO LN,34.409806,-119.853801
10/16/2015,10/19/2015,1800,100,,,10,BLU,6500 EL NIDO LN,34.409806,-119.853801
5/22/2016,5/23/2016,1400,845,SCHWIN,,21,BLU,6500 EL NIDO LN,34.409806,-119.853801
10/15/2016,10/16/2016,1900,1145,GIANT,DEFY,18,BLK,6500 EL NIDO LN,34.409806,-119.853801
6/16/2011,6/17/2011,1600,1030,MICARG,,1,GRN,6500 MADRID RD,34.412462,-119.853765
8/28/2011,8/29/2011,2300,1100,ORANGE,,1,PNK,6500 MADRID RD,34.412462,-119.853765
3/23/2012,3/23/2012,1900,1910,UNK,UNK,1,BLK,6500 MADRID RD,34.412462,-119.853765
7/6/2012,7/7/2012,2215,730,PHATCY,SEA WIND,1,PLE,6500 MADRID RD,34.412462,-119.853765
10/10/2013,10/11/2013,2100,100,GIANT,,,,6500 MADRID RD,34.412462,-119.853765
3/13/2014,3/14/2014,2300,700,SPECIA,HARDROCK,,RED,6500 MADRID RD,34.412462,-119.853765
6/12/2014,6/20/2014,1700,1400,MICARG,,,BRO,6500 MADRID RD,34.412462,-119.853765
10/31/2014,11/22/2014,1000,1230,6KU,,,,6500 MADRID RD,34.412462,-119.853765
11/9/2014,,41,0,RETROS,FIXIE,1,TRQ,6500 MADRID RD,34.412462,-119.853765
4/16/2015,4/20/2015,1545,600,FIRMST,,1,GRN,6500 MADRID RD,34.412462,-119.853765
9/15/2015,,1130,0,THRUST,FIXIE,1,BLK,6500 MADRID RD,34.412462,-119.853765
5/16/2016,5/17/2016,2200,1,SPECIA,,,YEL,6500 MADRID RD,34.412462,-119.853765
3/10/2011,,20,0,MAGNA,OUTREACH,21,RED,6500 PARDALL RD,34.413095,-119.853638
1/17/2012,,2147,0,MOTO,BECANE,1,GRY,6500 PARDALL RD,34.413095,-119.853638
2/21/2012,,2120,0,UNKNOW,UNKNOWN,,,6500 PARDALL RD,34.413095,-119.853638
3/9/2012,3/11/2012,2130,1530,MAGNA,MTB,21,PNK,6500 PARDALL RD,34.413095,-119.853638
7/17/2012,7/19/2012,2100,700,UNK,SAND,1,BLK,6500 PARDALL RD,34.413095,-119.853638
10/6/2012,10/6/2012,200,1000,KHS,350,,WHI,6500 PARDALL RD,34.413095,-119.853638
10/15/2012,10/16/2012,1600,735,FUJI,,21,RED,6500 PARDALL RD,34.413095,-119.853638
10/25/2012,,1055,0,MICARG,,1,BLK,6500 PARDALL RD,34.413095,-119.853638
12/3/2012,,300,0,MIYATA,RACING,1,WHI,6500 PARDALL RD,34.413095,-119.853638
6/3/2013,6/5/2013,1500,2050,ORIGIN,,,GRY,6500 PARDALL RD,34.413095,-119.853638
6/14/2013,6/19/2013,1800,1445,SCHWIN,JET STAR,21,SIL,6500 PARDALL RD,34.413095,-119.853638
11/12/2013,11/13/2013,1800,800,GIANT,INNOVA,21,GRY,6500 PARDALL RD,34.413095,-119.853638
3/19/2014,,1136,0,3G,UNKNONW,,,6500 PARDALL RD,34.413095,-119.853638
10/18/2014,10/18/2014,205,207,PUREFI,,,BLK,6500 PARDALL RD,34.413095,-119.853638
11/20/2014,,213,0,MONTER,SE RACING,,BLK,6500 PARDALL RD,34.413095,-119.853638
3/6/2015,3/6/2015,325,345,BIANCH,PISTA,,GRN,6500 PARDALL RD,34.413095,-119.853638
8/17/2015,,1634,0,HANG T,,1,BLU,6500 PARDALL RD,34.413095,-119.853638
10/15/2015,10/15/2015,2200,2400,TREX,7FX,21,GRY,6500 PARDALL RD,34.413095,-119.853638
10/27/2016,10/28/2016,100,2000,FELT,,21,BLK,6500 PARDALL RD,34.413095,-119.853638
8/20/2011,8/22/2011,1,800,GIANT,,,BLK,6500 PASADO RD,34.411696,-119.858736
6/14/2011,6/17/2011,1700,1530,TREK,FUEL,24,BLK,6500 PICASSO RD,34.415112,-119.853842
6/22/2011,6/23/2011,1000,1000,MICARG,,1,BLU,6500 PICASSO RD,34.415112,-119.853842
6/22/2011,6/23/2011,1000,1000,MICARG,,1,BLU,6500 PICASSO RD,34.415112,-119.853842
5/16/2012,7/5/2012,1200,1300,ELEKTR,CRUISER,1,LGR,6500 PICASSO RD,34.415112,-119.853842
5/17/2012,5/17/2012,700,900,,,1,,6500 PICASSO RD,34.415112,-119.853842
6/16/2012,6/16/2012,1400,2055,TREK,NAVIGATOR,,BLK,6500 PICASSO RD,34.415112,-119.853842
6/29/2012,7/9/2012,1200,1200,TREK,,,BLU,6500 PICASSO RD,34.415112,-119.853842
8/10/2012,8/12/2012,1400,1200,AEROFI,,,WHI,6500 PICASSO RD,34.415112,-119.853842
1/10/2013,1/11/2013,1600,1800,SCHWIN,,1,WHI,6500 PICASSO RD,34.415112,-119.853842
4/11/2013,4/18/2013,1400,1100,MICARG,,1,BLK,6500 PICASSO RD,34.415112,-119.853842
5/11/2013,5/13/2013,2000,1300,,,,,6500 PICASSO RD,34.415112,-119.853842
7/21/2013,,1700,0,GIANT,RINCON,7,RED,6500 PICASSO RD,34.415112,-119.853842
2/27/2014,2/28/2014,1600,900,RALEIG,EVA3,7,GRY,6500 PICASSO RD,34.415112,-119.853842
10/2/2014,10/2/2014,200,700,RETRO,FIXXIE,,BLK,6500 PICASSO RD,34.415112,-119.853842
10/2/2014,10/2/2014,200,700,PUREFI,FIXIE,1,BLK,6500 PICASSO RD,34.415112,-119.853842
10/3/2014,10/3/2014,800,1400,FIXIE,,,,6500 PICASSO RD,34.415112,-119.853842
10/6/2014,10/6/2014,1900,2230,ELECTR,CRUISER,7,WHI,6500 PICASSO RD,34.415112,-119.853842
5/20/2015,5/20/2015,1400,1600,EUREKA,JAMS WTB,12,GRY,6500 PICASSO RD,34.415112,-119.853842
7/1/2015,,1500,0,TREK,VERVE1,,PLE,6500 PICASSO RD,34.415112,-119.853842
6/22/2016,6/23/2016,1100,900,MOTIV,6061,21,SIL,6500 PICASSO RD,34.415112,-119.853842
9/23/2016,9/24/2016,2200,1000,MONGOO,TORMENT,21,WHI,6500 PICASSO RD,34.415112,-119.853842
11/3/2016,11/4/2016,1900,900,,STEPTHROU,,WHI,6500 PICASSO RD,34.415112,-119.853842
11/4/2016,11/6/2016,1200,2330,PURFIX,FIXIE,1,GRY,6500 PICASSO RD,34.415112,-119.853842
12/11/2010,1/3/2011,1200,800,FIRMST,CRUISER,1,WHI,6500 SABADO TARDE RD,34.410551,-119.854095
1/10/2011,NULL,1558,0,TREK,4500,24,GRY,6500 SABADO TARDE RD,34.410551,-119.854095
6/6/2011,6/7/2011,1600,900,3G,,1,BLK,6500 SABADO TARDE RD,34.410551,-119.854095
6/11/2011,9/13/2011,1,1200,FIRMST,CRUISER,1,BLU,6500 SABADO TARDE RD,34.410551,-119.854095
8/4/2011,8/5/2011,1300,745,GIANT,SIMPLE,1,BLK,6500 SABADO TARDE RD,34.410551,-119.854095
10/14/2011,10/15/2011,2200,151,,,,,6500 SABADO TARDE RD,34.410551,-119.854095
10/16/2011,,230,0,DB,,26,BRO,6500 SABADO TARDE RD,34.410551,-119.854095
12/12/2011,1/4/2012,1400,1600,FUJI,CROSSTOWN,24,GRN,6500 SABADO TARDE RD,34.410551,-119.854095
4/27/2012,4/29/2012,1200,1700,NORTHR,OC,,LBL,6500 SABADO TARDE RD,34.410551,-119.854095
7/1/2012,7/2/2012,1700,845,VINTAG,SDLIST,,YEL,6500 SABADO TARDE RD,34.410551,-119.854095
7/20/2012,7/21/2012,2330,15,GIANT,TCR,,PLE,6500 SABADO TARDE RD,34.410551,-119.854095
8/3/2012,8/3/2012,300,1200,ROADMA,MOUNTAINS,,BLU,6500 SABADO TARDE RD,34.410551,-119.854095
8/30/2012,,1148,0,,CRUISER,,PLE,6500 SABADO TARDE RD,34.410551,-119.854095
9/13/2012,9/14/2012,2200,200,SPECIA,ALLEZ,,BLK,6500 SABADO TARDE RD,34.410551,-119.854095
11/16/2012,11/19/2012,1500,1245,FIRMST,URBAN,,WHI,6500 SABADO TARDE RD,34.410551,-119.854095
11/18/2012,11/19/2012,1630,915,SE BIK,DRAFT,,GRY,6500 SABADO TARDE RD,34.410551,-119.854095
11/21/2012,11/21/2012,4,24,SPECIA,SEQUOIA,21,SIL,6500 SABADO TARDE RD,34.410551,-119.854095
12/16/2012,12/23/2012,800,1700,E MOTO,,1,BLK,6500 SABADO TARDE RD,34.410551,-119.854095
12/16/2012,,900,0,,,,WHI,6500 SABADO TARDE RD,34.410551,-119.854095
2/7/2013,2/8/2013,1645,945,,,,,6500 SABADO TARDE RD,34.410551,-119.854095
5/18/2013,5/20/2013,930,1320,MOUNTA,GLOBE,,BLK,6500 SABADO TARDE RD,34.410551,-119.854095
6/15/2013,7/5/2013,1400,1200,REPUBL,PLATO,,ONG,6500 SABADO TARDE RD,34.410551,-119.854095
6/17/2013,6/18/2013,1700,930,TREK,8700,21,GRY,6500 SABADO TARDE RD,34.410551,-119.854095
6/17/2013,6/18/2013,1700,930,SANTAC,SUPERLIGH,24,BLU,6500 SABADO TARDE RD,34.410551,-119.854095
6/17/2013,6/22/2013,1400,1400,GUESS,,1,ONG,6500 SABADO TARDE RD,34.410551,-119.854095
9/6/2013,9/9/2013,1900,1830,TREK,72FX,18,GRY,6500 SABADO TARDE RD,34.410551,-119.854095
11/8/2013,11/9/2013,1700,1100,,,,WHI,6500 SABADO TARDE RD,34.410551,-119.854095
4/3/2014,4/4/2014,1700,800,UNK,,,,6500 SABADO TARDE RD,34.410551,-119.854095
4/15/2014,4/15/2014,1100,1400,FIXIE,RETROSPEC,1,GRY,6500 SABADO TARDE RD,34.410551,-119.854095
5/30/2014,,2400,0,CENTUR,LE MANS12,,BLU,6500 SABADO TARDE RD,34.410551,-119.854095
7/7/2014,7/11/2014,1000,1800,SPECIA,ALLEZ,27,RED,6500 SABADO TARDE RD,34.410551,-119.854095
7/18/2014,7/27/2014,2100,900,FREEDO,CRUISER,,GRY,6500 SABADO TARDE RD,34.410551,-119.854095
1/27/2016,1/28/2016,1800,800,D BACK,,21,GRN,6500 SABADO TARDE RD,34.410551,-119.854095
5/17/2016,5/18/2016,2200,800,FIREFO,,,RED,6500 SABADO TARDE RD,34.410551,-119.854095
7/28/2016,7/28/2016,1340,1420,MONTER,SE,7,RED,6500 SABADO TARDE RD,34.410551,-119.854095
8/20/2016,9/19/2016,1000,1700,GIANT,AVAIL,24,RED,6500 SABADO TARDE RD,34.410551,-119.854095
9/26/2016,9/27/2016,1900,1,KENT,STREET,1,,6500 SABADO TARDE RD,34.410551,-119.854095
3/8/2011,3/9/2011,600,915,MICARI,ROVER,1,TAN,6500 SEGOVIA RD,34.414445,-119.853856
8/25/2012,8/26/2012,2000,930,TREK,,18,BLU,6500 SEGOVIA RD,34.414445,-119.853856
8/26/2012,8/26/2012,100,900,SCOTT,S50,,,6500 SEGOVIA RD,34.414445,-119.853856
6/18/2013,7/19/2013,1500,1106,FELT,CLAIRE,,ONG,6500 SEGOVIA RD,34.414445,-119.853856
1/29/2014,1/30/2014,2000,1000,GT,AVALANCE,,,6500 SEGOVIA RD,34.414445,-119.853856
7/18/2014,7/21/2014,1700,1000,SPECIA,CROSSTRAI,24,RED,6500 SEGOVIA RD,34.414445,-119.853856
5/13/2015,5/14/2015,1700,930,K2,ZED3,27,GRY,6500 SEGOVIA RD,34.414445,-119.853856
1/21/2016,1/25/2016,1300,900,VILANO,,21,WHI,6500 SEGOVIA RD,34.414445,-119.853856
4/8/2016,4/11/2016,1800,2000,GIANT,IGUANA,21,BLK,6500 SEGOVIA RD,34.414445,-119.853856
9/30/2016,9/30/2016,1430,2030,SKU,,,,6500 SEGOVIA RD,34.414445,-119.853856
6/1/2011,7/5/2011,900,1000,AMERIC,,1,YEL,6500 SEVILLE RD,34.411834,-119.853852
6/16/2011,,32,0,SCHWIN,TYPHOON,,WHI,6500 SEVILLE RD,34.411834,-119.853852
8/3/2011,8/10/2011,1,1,TREK,MARLIN,21,GRN,6500 SEVILLE RD,34.411834,-119.853852
9/23/2011,9/23/2011,130,1000,MICRGI,,1,BLK,6500 SEVILLE RD,34.411834,-119.853852
9/23/2011,9/23/2011,130,1000,WINSOR,,1,WHI,6500 SEVILLE RD,34.411834,-119.853852
1/17/2012,,200,0,DRAFT,LIGHT,,,6500 SEVILLE RD,34.411834,-119.853852
1/21/2012,1/24/2012,1000,900,PEUGEO,,15,MAR,6500 SEVILLE RD,34.411834,-119.853852
5/26/2012,5/27/2012,2330,1400,ASTRAL,K2,21,GRY,6500 SEVILLE RD,34.411834,-119.853852
7/27/2012,7/27/2012,100,1130,CORSA,ROADMAN,7,COM,6500 SEVILLE RD,34.411834,-119.853852
8/16/2013,9/9/2013,1800,1700,MARIN,,24,SIL,6500 SEVILLE RD,34.411834,-119.853852
3/15/2014,3/17/2014,1800,1000,ELECTR,,1,BLU,6500 SEVILLE RD,34.411834,-119.853852
3/19/2014,,1750,0,,OC,1,LBL,6500 SEVILLE RD,34.411834,-119.853852
2/15/2015,2/16/2015,1700,400,GT,,,BLK,6500 SEVILLE RD,34.411834,-119.853852
2/27/2015,3/2/2015,2000,800,CANNON,,21,BLU,6500 SEVILLE RD,34.411834,-119.853852
10/17/2015,10/17/2015,15,1030,MARIN,,21,GRY,6500 SEVILLE RD,34.411834,-119.853852
10/25/2015,10/26/2015,100,1400,SE MON,,,GRY,6500 SEVILLE RD,34.411834,-119.853852
4/20/2016,4/21/2016,2000,1430,,,1,GRY,6500 SEVILLE RD,34.411834,-119.853852
6/15/2016,6/22/2016,1200,1700,TAKARA,SUGIYAMA,1,BLK,6500 SEVILLE RD,34.411834,-119.853852
6/25/2016,6/25/2016,1,2359,SPECIA,LANGSTER,1,BLK,6500 SEVILLE RD,34.411834,-119.853852
8/7/2016,8/7/2016,200,600,FUJI,ABSOLUTE,,GRY,6500 SEVILLE RD,34.411834,-119.853852
2/27/2011,,849,0,3G,ORG CRUIS,1,PNK,6500 TRIGO RD,34.411124,-119.853852
12/18/2011,12/19/2011,1800,1250,CENTUR,,1,SIL,6500 TRIGO RD,34.411124,-119.853852
3/28/2012,3/28/2012,1600,1700,MANGO,,1,GRN,6500 TRIGO RD,34.411124,-119.853852
9/17/2012,9/18/2012,2330,1000,VILANO,,,WHI,6500 TRIGO RD,34.411124,-119.853852
9/22/2012,9/23/2012,1900,900,GIANT,RAINIER,37,BLU,6500 TRIGO RD,34.411124,-119.853852
10/9/2012,10/10/2012,1900,950,LOTUS,,14,GLD,6500 TRIGO RD,34.411124,-119.853852
11/16/2012,11/17/2012,2200,1245,GT,ZUM,8,SIL,6500 TRIGO RD,34.411124,-119.853852
3/2/2013,3/2/2013,1830,2355,ELECTR,,,RED,6500 TRIGO RD,34.411124,-119.853852
3/6/2013,3/7/2013,2300,1900,TRAYL,SIXY,,RED,6500 TRIGO RD,34.411124,-119.853852
3/30/2013,,1200,0,ELECTR,,,RED,6500 TRIGO RD,34.411124,-119.853852
5/9/2013,,1548,0,PACIFI,,,WHI,6500 TRIGO RD,34.411124,-119.853852
6/16/2013,6/24/2013,1300,1500,MICARG,,1,BLK,6500 TRIGO RD,34.411124,-119.853852
6/17/2013,6/17/2013,1300,2330,FX,CRUISER,,BLK,6500 TRIGO RD,34.411124,-119.853852
6/22/2013,,2355,0,SCHWIN,CRUISER,1,RED,6500 TRIGO RD,34.411124,-119.853852
8/3/2013,8/4/2013,1700,1200,GLOBE,,1,GRY,6500 TRIGO RD,34.411124,-119.853852
9/14/2013,9/15/2013,1100,930,FIRMST,URBAN,6,BLU,6500 TRIGO RD,34.411124,-119.853852
10/5/2013,10/6/2013,1800,1200,SCHWIN,AVENUE,21,BLK,6500 TRIGO RD,34.411124,-119.853852
5/22/2014,5/29/2014,1700,1514,ELECTR,,1,BLK,6500 TRIGO RD,34.411124,-119.853852
8/18/2014,8/19/2014,1030,1030,CRUSI,,1,WHI,6500 TRIGO RD,34.411124,-119.853852
9/1/2014,9/1/2014,2155,2155,LAJOLL,CRUISER,,BGE,6500 TRIGO RD,34.411124,-119.853852
10/3/2014,10/7/2014,1200,1815,3G,CRUISER,,WHI,6500 TRIGO RD,34.411124,-119.853852
10/16/2014,10/16/2014,1000,1700,NEXT,PX6.0,,,6500 TRIGO RD,34.411124,-119.853852
11/9/2014,11/10/2014,2030,1430,,,1,BLK,6500 TRIGO RD,34.411124,-119.853852
12/12/2014,12/12/2014,2000,2010,FIXIE,,1,BLK,6500 TRIGO RD,34.411124,-119.853852
3/6/2015,3/8/2015,2330,900,ELECTR,,1,PNK,6500 TRIGO RD,34.411124,-119.853852
3/6/2015,3/9/2015,2000,1000,RALEIG,,,GRN,6500 TRIGO RD,34.411124,-119.853852
3/18/2015,,1820,0,CORSA,GRAND X21,10,BLK,6500 TRIGO RD,34.411124,-119.853852
4/25/2015,,642,0,,,12,BLU,6500 TRIGO RD,34.411124,-119.853852
4/25/2015,,642,0,PUREFI,,1,PLE,6500 TRIGO RD,34.411124,-119.853852
4/25/2015,,642,0,,,12,BLU,6500 TRIGO RD,34.411124,-119.853852
9/28/2015,9/29/2015,2200,500,SCHWIN,TKAILWAY,21,WHI,6500 TRIGO RD,34.411124,-119.853852
3/2/2016,,1343,0,,,,ONG,6500 TRIGO RD,34.411124,-119.853852
3/10/2016,,2308,0,URBAN,BEACH CRU,,BLK,6500 TRIGO RD,34.411124,-119.853852
4/2/2016,4/3/2016,2000,800,TREK,412,,,6500 TRIGO RD,34.411124,-119.853852
10/1/2016,10/4/2016,1100,730,6 BIKE,FIXIE,6,BLK,6500 TRIGO RD,34.411124,-119.853852
10/14/2011,10/16/2011,715,2000,,,1,DBL,6600 ABREGO RD,34.414161,-119.858792
11/16/2011,,310,0,SCHWIN,LEGACY,,RED,6600 ABREGO RD,34.414161,-119.858792
11/23/2011,11/28/2011,1600,900,FUJI,ABSOLUTE,,GRY,6600 ABREGO RD,34.414161,-119.858792
12/25/2011,12/26/2011,2000,630,,,,,6600 ABREGO RD,34.414161,-119.858792
1/16/2012,1/17/2012,1800,730,UNITED,LAGOON,,PLE,6600 ABREGO RD,34.414161,-119.858792
1/16/2012,1/17/2012,1800,730,MAGNA,GREAT DIV,,,6600 ABREGO RD,34.414161,-119.858792
1/16/2012,1/17/2012,1800,730,DIAMON,,,BLK,6600 ABREGO RD,34.414161,-119.858792
1/16/2012,1/17/2012,1800,730,SCHWIN,,,GRY,6600 ABREGO RD,34.414161,-119.858792
1/16/2012,1/17/2012,1800,730,,,,CRM,6600 ABREGO RD,34.414161,-119.858792
1/16/2012,1/17/2012,1800,730,3G,ROAD,,YEL,6600 ABREGO RD,34.414161,-119.858792
3/1/2012,3/2/2012,1600,1400,FIXED,700C,,BLK,6600 ABREGO RD,34.414161,-119.858792
5/16/2012,5/17/2012,1600,1000,BIANCH,PISTA,1,COM,6600 ABREGO RD,34.414161,-119.858792
6/16/2012,6/20/2012,2000,1000,,,1,GRN,6600 ABREGO RD,34.414161,-119.858792
7/21/2012,,1709,0,MONGOO,350,18,GRN,6600 ABREGO RD,34.414161,-119.858792
8/6/2012,8/7/2012,1500,1045,SCHWIN,,21,WHI,6600 ABREGO RD,34.414161,-119.858792
9/10/2012,9/11/2012,1300,1045,BEACH,,1,CRM,6600 ABREGO RD,34.414161,-119.858792
10/4/2012,10/5/2012,2230,930,UNK,UNK,,YEL,6600 ABREGO RD,34.414161,-119.858792
10/18/2012,10/19/2012,2300,800,UNK,FIXIE,,RED,6600 ABREGO RD,34.414161,-119.858792
11/1/2012,11/2/2012,1900,800,TORKER,,1,BLK,6600 ABREGO RD,34.414161,-119.858792
11/16/2012,,1900,0,MICARG,,1,BLU,6600 ABREGO RD,34.414161,-119.858792
12/17/2012,1/5/2013,945,2100,FIXIE,,1,BLK,6600 ABREGO RD,34.414161,-119.858792
1/27/2013,1/29/2013,1300,745,DIAMON,,24,BLU,6600 ABREGO RD,34.414161,-119.858792
2/16/2013,2/18/2013,1500,1000,,LITEDRAFT,1,RED,6600 ABREGO RD,34.414161,-119.858792
3/13/2013,3/14/2013,1430,1100,MIYATA,,21,BLK,6600 ABREGO RD,34.414161,-119.858792
4/11/2013,,1550,0,,,,YEL,6600 ABREGO RD,34.414161,-119.858792
4/11/2013,,1550,0,,,,,6600 ABREGO RD,34.414161,-119.858792
4/27/2013,4/29/2013,1330,920,DBACK,,,GRN,6600 ABREGO RD,34.414161,-119.858792
5/9/2013,,1115,0,,,,,6600 ABREGO RD,34.414161,-119.858792
5/9/2013,,1115,0,DRAFT,SE LIGHT,,,6600 ABREGO RD,34.414161,-119.858792
5/9/2013,,1115,0,REVIVE,,,BLK,6600 ABREGO RD,34.414161,-119.858792
7/3/2013,7/8/2013,1200,1500,SCHWIN,VOYAGEUR7,7,GRY,6600 ABREGO RD,34.414161,-119.858792
7/15/2013,7/15/2013,1,900,SCHWIN,VOYAGER,21,RED,6600 ABREGO RD,34.414161,-119.858792
9/11/2013,9/17/2013,1200,700,SCHWIN,,1,BLU,6600 ABREGO RD,34.414161,-119.858792
9/18/2013,,2353,0,,,,,6600 ABREGO RD,34.414161,-119.858792
10/14/2013,10/15/2013,1600,300,TREK,ALUMINUM,,,6600 ABREGO RD,34.414161,-119.858792
12/5/2013,12/6/2013,2200,1200,TREK,HYBRID,7,BLU,6600 ABREGO RD,34.414161,-119.858792
6/23/2014,6/24/2014,2100,840,THRUST,,,BLK,6600 ABREGO RD,34.414161,-119.858792
7/22/2014,7/22/2014,30,100,,,7,GRY,6600 ABREGO RD,34.414161,-119.858792
9/29/2014,9/29/2014,1930,2200,UNK,,,YEL,6600 ABREGO RD,34.414161,-119.858792
11/9/2014,11/9/2014,1250,2215,RETROS,,1,SIL,6600 ABREGO RD,34.414161,-119.858792
11/16/2014,11/16/2014,1600,1945,GENESI,,21,GRN,6600 ABREGO RD,34.414161,-119.858792
2/6/2015,2/8/2015,700,1000,VICTOR,,,,6600 ABREGO RD,34.414161,-119.858792
3/10/2015,3/10/2015,800,1200,SPECIA,EXPEDITIO,7,GRY,6600 ABREGO RD,34.414161,-119.858792
4/30/2015,,1949,0,KONA,,,,6600 ABREGO RD,34.414161,-119.858792
5/14/2015,5/15/2015,1500,600,MANHAT,,3,BLK,6600 ABREGO RD,34.414161,-119.858792
6/12/2015,9/28/2015,1000,1100,TREK,MADONE2.1,33,WHI,6600 ABREGO RD,34.414161,-119.858792
6/23/2015,6/23/2015,300,900,GMC,,,,6600 ABREGO RD,34.414161,-119.858792
10/19/2015,,1416,0,,,,BLK,6600 ABREGO RD,34.414161,-119.858792
11/16/2015,,1315,0,SCOTT,SPORTSTER,,,6600 ABREGO RD,34.414161,-119.858792
6/17/2016,6/19/2016,1500,1630,UNK,UNK,1,BLK,6600 ABREGO RD,34.414161,-119.858792
1/6/2011,1/7/2011,1800,900,HUFFY,,1,GRN,6600 BERKSHIRE TE,34.416239,-119.861318
8/4/2012,9/4/2012,1500,900,UNIVEG,,,,6600 BERKSHIRE TE,34.416239,-119.861318
11/8/2012,11/12/2012,800,2359,MONGOO,STAT,,BLU,6600 BERKSHIRE TE,34.416239,-119.861318
3/22/2013,3/23/2013,2200,2214,DIABAK,OVERDRIVE,21,BLK,6600 BERKSHIRE TE,34.416239,-119.861318
7/23/2013,7/23/2013,1630,2100,MICARG,,1,BLK,6600 BERKSHIRE TE,34.416239,-119.861318
10/19/2013,10/20/2013,1800,1600,CRUISE,STALK,,PNK,6600 BERKSHIRE TE,34.416239,-119.861318
11/1/2013,11/4/2013,2300,1700,REPUBL,ARISTOTLE,1,TAN,6600 BERKSHIRE TE,34.416239,-119.861318
11/19/2013,11/20/2013,2359,100,,,,WHI,6600 BERKSHIRE TE,34.416239,-119.861318
6/12/2011,6/13/2011,2330,1000,ONE,,1,PLE,6600 DEL PLAYA DR,34.409774,-119.858725
6/12/2011,6/13/2011,2300,800,TREK,,30,WHI,6600 DEL PLAYA DR,34.409774,-119.858725
9/18/2011,9/20/2011,1900,2000,,CRUISER,1,YEL,6600 DEL PLAYA DR,34.409774,-119.858725
9/22/2011,9/23/2011,2100,1000,PHAT,SEAWIND,11,GRN,6600 DEL PLAYA DR,34.409774,-119.858725
10/9/2011,,219,0,,,1,BLK,6600 DEL PLAYA DR,34.409774,-119.858725
10/9/2011,,219,0,,,1,BLK,6600 DEL PLAYA DR,34.409774,-119.858725
12/2/2011,12/4/2011,1330,1130,,,,BLU,6600 DEL PLAYA DR,34.409774,-119.858725
2/3/2012,2/4/2012,1600,1700,SURLY,,,,6600 DEL PLAYA DR,34.409774,-119.858725
2/8/2012,2/9/2012,2300,800,TREK,ANTELOPE,21,RED,6600 DEL PLAYA DR,34.409774,-119.858725
3/3/2012,,103,0,,CRUISER,1,BLU,6600 DEL PLAYA DR,34.409774,-119.858725
3/3/2012,3/3/2012,130,830,ORIGIN,CUTLER,18,GRY,6600 DEL PLAYA DR,34.409774,-119.858725
5/8/2012,,1749,0,SPECIA,ROCK HOPP,,BLK,6600 DEL PLAYA DR,34.409774,-119.858725
5/8/2012,,1749,0,SPECIA,ROCK HOPP,,BLK,6600 DEL PLAYA DR,34.409774,-119.858725
5/13/2012,5/13/2012,200,1000,LA JOL,CRUISER,,,6600 DEL PLAYA DR,34.409774,-119.858725
6/21/2012,6/21/2012,1300,1300,MICARG,,1,GRN,6600 DEL PLAYA DR,34.409774,-119.858725
6/21/2012,6/21/2012,1300,1300,TREK,820,21,BLK,6600 DEL PLAYA DR,34.409774,-119.858725
6/21/2012,6/21/2012,1300,1300,,,1,BLK,6600 DEL PLAYA DR,34.409774,-119.858725
8/11/2012,8/11/2012,1130,1140,TREK,4300,21,RED,6600 DEL PLAYA DR,34.409774,-119.858725
8/30/2012,8/30/2012,200,230,ELECTR,CRUISER,,WHI,6600 DEL PLAYA DR,34.409774,-119.858725
9/6/2012,9/8/2012,1800,1700,SPECIA,,14,BLK,6600 DEL PLAYA DR,34.409774,-119.858725
9/21/2012,9/23/2012,1200,1500,FIRMST,DIVA,1,YEL,6600 DEL PLAYA DR,34.409774,-119.858725
9/22/2012,9/23/2012,2200,830,UNK,MODEL,,RED,6600 DEL PLAYA DR,34.409774,-119.858725
10/10/2012,10/11/2012,2000,800,RAPIDO,LAMBO,,,6600 DEL PLAYA DR,34.409774,-119.858725
1/14/2013,1/15/2013,2100,1100,RETROS,FIXIE,1,BLK,6600 DEL PLAYA DR,34.409774,-119.858725
2/28/2013,3/1/2013,1700,1000,KHS,ALITE,21,RED,6600 DEL PLAYA DR,34.409774,-119.858725
5/30/2013,5/31/2013,930,1100,HUFFY,BELFRONT,,BLU,6600 DEL PLAYA DR,34.409774,-119.858725
5/30/2013,5/31/2013,930,1100,NIVER,,,BLU,6600 DEL PLAYA DR,34.409774,-119.858725
7/28/2013,7/28/2013,1,30,,M1,1,BLK,6600 DEL PLAYA DR,34.409774,-119.858725
8/11/2013,,100,0,RETRO,SPEC,,YEL,6600 DEL PLAYA DR,34.409774,-119.858725
8/28/2013,8/29/2013,2300,1700,SCHWIN,CRUISER,,WHI,6600 DEL PLAYA DR,34.409774,-119.858725
10/29/2013,10/30/2013,2300,800,THRUST,,1,BLK,6600 DEL PLAYA DR,34.409774,-119.858725
1/11/2014,1/12/2014,2200,1000,RETROS,FIXIE,1,GRN,6600 DEL PLAYA DR,34.409774,-119.858725
6/16/2014,6/17/2014,1700,1100,FUJI,,12,BLK,6600 DEL PLAYA DR,34.409774,-119.858725
7/3/2014,7/3/2014,129,329,UNKNOW,,,SIL,6600 DEL PLAYA DR,34.409774,-119.858725
8/24/2014,8/26/2014,1800,800,PURE,FIX,1,GRY,6600 DEL PLAYA DR,34.409774,-119.858725
9/20/2014,10/2/2014,1400,1000,FIRM,EXTREME,1,WHI,6600 DEL PLAYA DR,34.409774,-119.858725
2/7/2015,2/8/2015,2230,100,LEMOND,,,,6600 DEL PLAYA DR,34.409774,-119.858725
4/17/2015,4/18/2015,2330,1030,TREK,,21,PLE,6600 DEL PLAYA DR,34.409774,-119.858725
8/4/2015,8/5/2015,1400,900,FIXIE,MICARGI,,GRN,6600 DEL PLAYA DR,34.409774,-119.858725
9/8/2015,,1800,0,DIAMON,,7,BLK,6600 DEL PLAYA DR,34.409774,-119.858725
9/10/2015,,1000,0,UNK,UNK,,,6600 DEL PLAYA DR,34.409774,-119.858725
10/19/2015,,1356,0,NIRVE,,1,YEL,6600 DEL PLAYA DR,34.409774,-119.858725
1/5/2016,1/6/2016,2030,1400,ELECTR,TOWNIE,,,6600 DEL PLAYA DR,34.409774,-119.858725
1/8/2016,1/9/2016,2000,830,GT,AVALANCHE,24,BLU,6600 DEL PLAYA DR,34.409774,-119.858725
4/1/2016,4/2/2016,1800,1100,DIAMON,,,GRN,6600 DEL PLAYA DR,34.409774,-119.858725
6/23/2016,6/24/2016,1700,1700,SCHWIN,WAYFARER,,BLU,6600 DEL PLAYA DR,34.409774,-119.858725
7/11/2016,7/12/2016,1800,1400,DIAMON,RESPONSE,24,WHI,6600 DEL PLAYA DR,34.409774,-119.858725
9/24/2016,9/25/2016,1600,1030,,,1,GLD,6600 DEL PLAYA DR,34.409774,-119.858725
9/24/2016,9/26/2016,1600,1515,GRAVIT,,,WHI,6600 DEL PLAYA DR,34.409774,-119.858725
10/15/2016,,2347,0,UNK,FIXIE,1,BLK,6600 DEL PLAYA DR,34.409774,-119.858725
11/1/2016,11/2/2016,2000,830,TREK,6000,21,YEL,6600 DEL PLAYA DR,34.409774,-119.858725
3/15/2011,3/28/2011,2200,900,NISHIK,INTERNATI,12,BLK,6600 EL COLEGIO RD,34.417448,-119.860563
6/8/2011,6/20/2011,1200,1200,SCHWIN,MESA RUNN,12,RED,6600 EL COLEGIO RD,34.417448,-119.860563
8/24/2011,8/25/2011,2000,730,TREK,ULTRALIGH,1,RED,6600 EL COLEGIO RD,34.417448,-119.860563
9/8/2011,9/9/2011,2000,1100,DIAMON,KALOMAR,7,GRY,6600 EL COLEGIO RD,34.417448,-119.860563
10/15/2011,,1900,0,FUJI,,,GRN,6600 EL COLEGIO RD,34.417448,-119.860563
11/12/2011,11/13/2011,2400,200,VILANO,,1,GRN,6600 EL COLEGIO RD,34.417448,-119.860563
3/1/2012,,1200,0,ELECTR,,1,LBL,6600 EL COLEGIO RD,34.417448,-119.860563
6/8/2012,6/11/2012,2300,1600,GMC,DENALI,21,YEL,6600 EL COLEGIO RD,34.417448,-119.860563
6/30/2012,6/30/2012,30,1400,KHS,VITAMIN,21,WHI,6600 EL COLEGIO RD,34.417448,-119.860563
8/3/2012,8/4/2012,2000,1300,TREK,420,21,GRN,6600 EL COLEGIO RD,34.417448,-119.860563
8/6/2012,9/17/2012,800,1700,URBAN,FIRMSTRON,1,GRN,6600 EL COLEGIO RD,34.417448,-119.860563
1/18/2013,1/21/2013,1400,800,TREK,NAVIGATOR,18,BLU,6600 EL COLEGIO RD,34.417448,-119.860563
6/14/2013,6/22/2013,1500,1430,RETRO,SPEC,,WHI,6600 EL COLEGIO RD,34.417448,-119.860563
5/8/2014,5/13/2014,1500,900,SCHWIN,,14,RED,6600 EL COLEGIO RD,34.417448,-119.860563
7/27/2014,7/28/2014,2200,1,DRAFT,LIGHT,1,RED,6600 EL COLEGIO RD,34.417448,-119.860563
8/24/2014,9/1/2014,1200,1200,ZIP,,,,6600 EL COLEGIO RD,34.417448,-119.860563
10/15/2014,10/17/2014,1200,1800,SPECI,HYBRID,21,TRQ,6600 EL COLEGIO RD,34.417448,-119.860563
10/24/2014,11/7/2014,1200,1500,SUN,,5,BLK,6600 EL COLEGIO RD,34.417448,-119.860563
12/1/2014,12/3/2014,900,1600,TREK,,,BLU,6600 EL COLEGIO RD,34.417448,-119.860563
9/29/2016,9/30/2016,1600,1100,,,,,6600 EL COLEGIO RD,34.417448,-119.860563
9/29/2016,9/30/2016,1600,1100,,,,,6600 EL COLEGIO RD,34.417448,-119.860563
9/29/2016,9/30/2016,1600,1100,GNT,,,,6600 EL COLEGIO RD,34.417448,-119.860563
9/29/2016,9/30/2016,1600,1100,GNT,,,,6600 EL COLEGIO RD,34.417448,-119.860563
9/30/2016,10/3/2016,1400,1120,6 BIKE,,1,WHI,6600 EL COLEGIO RD,34.417448,-119.860563
10/13/2016,10/14/2016,2400,800,FIXIE,,1,GRN,6600 EL COLEGIO RD,34.417448,-119.860563
6/11/2011,,2351,0,TOTO,,1,BLU,6600 PASADO RD,34.411696,-119.858736
7/1/2011,9/21/2011,1500,1400,PACIFI,,1,BLK,6600 PASADO RD,34.411696,-119.858736
10/1/2011,10/2/2011,1800,800,BIANCI,,18,GRN,6600 PASADO RD,34.411696,-119.858736
10/14/2011,10/14/2011,345,500,BIANCH,SUPER PIS,1,BLK,6600 PASADO RD,34.411696,-119.858736
2/6/2012,2/6/2012,2200,2359,FUJI,ABSOLUTE,21,LBL,6600 PASADO RD,34.411696,-119.858736
5/3/2012,,2400,0,MACARG,,,,6600 PASADO RD,34.411696,-119.858736
6/1/2012,6/2/2012,1500,1200,MARIN,PIONEERTR,21,BLK,6600 PASADO RD,34.411696,-119.858736
7/26/2012,7/27/2012,2320,300,,,,,6600 PASADO RD,34.411696,-119.858736
10/7/2012,10/8/2012,2300,100,,,,WHI,6600 PASADO RD,34.411696,-119.858736
3/4/2013,3/4/2013,800,1045,MOTO,,1,BLK,6600 PASADO RD,34.411696,-119.858736
1/11/2014,1/12/2014,2359,1400,HUFFY,STN MNTN,18,PLE,6600 PASADO RD,34.411696,-119.858736
6/13/2016,6/13/2016,800,900,SPECIA,RUBY,,MAR,6600 PASADO RD,34.411696,-119.858736
10/24/2016,10/25/2016,2300,750,S B CO,HARD ROCK,21,GRY,6600 PASADO RD,34.411696,-119.858736
7/14/2011,7/15/2011,1900,1200,MICARG,TOUCH,1,BLK,6600 PICASSO RD,34.415213,-119.858723
8/20/2011,8/20/2011,1000,1000,MICARG,TAHITI,,PNK,6600 PICASSO RD,34.415213,-119.858723
8/20/2011,8/20/2011,1000,1000,UNKNOW,,,,6600 PICASSO RD,34.415213,-119.858723
8/20/2011,8/20/2011,1000,1000,HUFFY,DELUXE,,BLK,6600 PICASSO RD,34.415213,-119.858723
8/20/2011,8/20/2011,1000,1000,SCHWIN,SPRINT,,BLU,6600 PICASSO RD,34.415213,-119.858723
10/26/2011,10/27/2011,2100,1330,SE DRA,SE DRAFT,1,BLU,6600 PICASSO RD,34.415213,-119.858723
11/5/2011,11/5/2011,1230,1330,CRUISR,,1,BLU,6600 PICASSO RD,34.415213,-119.858723
11/5/2011,11/5/2011,1215,1330,TOUCH,UNK,1,PLE,6600 PICASSO RD,34.415213,-119.858723
1/14/2012,1/17/2012,2100,1045,HUFFY,CRANBROOK,1,BLU,6600 PICASSO RD,34.415213,-119.858723
5/5/2012,5/6/2012,2100,900,CANNON,CAD 3,18,BLK,6600 PICASSO RD,34.415213,-119.858723
7/27/2012,7/28/2012,1400,1100,FUJI,,7,GRY,6600 PICASSO RD,34.415213,-119.858723
11/7/2012,11/8/2012,1700,900,AVALAN,ATX 250,21,RED,6600 PICASSO RD,34.415213,-119.858723
2/8/2013,2/8/2013,100,200,DAWES,,1,SIL,6600 PICASSO RD,34.415213,-119.858723
4/5/2013,,1700,0,NORTH,ROCK XC6,,WHI,6600 PICASSO RD,34.415213,-119.858723
4/26/2013,4/27/2013,2130,1030,NIRVE,CRUISER,,BLK,6600 PICASSO RD,34.415213,-119.858723
8/15/2013,8/16/2013,2330,700,VIVATE,UNK,,GRN,6600 PICASSO RD,34.415213,-119.858723
8/19/2013,,1630,0,,,,WHI,6600 PICASSO RD,34.415213,-119.858723
9/27/2013,,1342,0,MICARG,MICARGI,1,ONG,6600 PICASSO RD,34.415213,-119.858723
9/30/2013,10/1/2013,2000,1720,GULFCO,PANAMAJAC,1,DBL,6600 PICASSO RD,34.415213,-119.858723
1/11/2014,1/12/2014,2200,1000,MICGRI,UNK,1,ONG,6600 PICASSO RD,34.415213,-119.858723
6/12/2014,6/13/2014,2230,1000,GIANT,IGUANA,21,SIL,6600 PICASSO RD,34.415213,-119.858723
6/20/2014,6/22/2014,1600,1320,COBRA,UNK,,BLK,6600 PICASSO RD,34.415213,-119.858723
10/5/2014,10/5/2014,330,700,RETROS,,1,COM,6600 PICASSO RD,34.415213,-119.858723
10/6/2014,10/7/2014,2200,800,UNK,UNK,1,WHI,6600 PICASSO RD,34.415213,-119.858723
1/23/2015,1/25/2015,1000,2100,KLEIN,ATTITUDE,,BLU,6600 PICASSO RD,34.415213,-119.858723
2/14/2015,2/15/2015,2000,1030,TALERA,GT,,,6600 PICASSO RD,34.415213,-119.858723
7/27/2015,7/28/2015,1930,1215,NISHIK,HYBRID,21,WHI,6600 PICASSO RD,34.415213,-119.858723
10/5/2015,,1525,0,,,,,6600 PICASSO RD,34.415213,-119.858723
10/16/2015,10/19/2015,1200,730,ELECTR,TOWNIE,7,BLU,6600 PICASSO RD,34.415213,-119.858723
6/4/2016,,1,0,MICARG,FIXIE,1,WHI,6600 PICASSO RD,34.415213,-119.858723
6/8/2016,6/9/2016,1600,1100,SCHWIN,,21,PLE,6600 PICASSO RD,34.415213,-119.858723
2/4/2011,2/5/2011,1900,1200,GMC,DENALI,21,BLK,6600 SABADO TARDE RD,34.410463,-119.858745
2/28/2011,3/2/2011,1200,1200,HUFFY,CRUISER,3,BLK,6600 SABADO TARDE RD,34.410463,-119.858745
3/4/2011,3/6/2011,2000,1100,FRMSTR,URBAN,1,GRY,6600 SABADO TARDE RD,34.410463,-119.858745
3/5/2011,3/5/2011,2100,2330,CENTUR,ROAD BIKE,,RED,6600 SABADO TARDE RD,34.410463,-119.858745
10/14/2011,10/15/2011,2000,1000,VILANO,,1,WHI,6600 SABADO TARDE RD,34.410463,-119.858745
10/15/2011,10/16/2011,1500,1400,SCHWIN,ROXIE,1,PNK,6600 SABADO TARDE RD,34.410463,-119.858745
10/15/2011,10/15/2011,230,1330,DRAFT,,1,WHI,6600 SABADO TARDE RD,34.410463,-119.858745
1/18/2012,1/19/2012,2230,800,CANNON,DALE,24,ONG,6600 SABADO TARDE RD,34.410463,-119.858745
7/9/2012,7/10/2012,2300,900,SCHWIN,,21,GRY,6600 SABADO TARDE RD,34.410463,-119.858745
6/17/2013,6/17/2013,1520,1606,N/A,CRUISER,1,BLK,6600 SABADO TARDE RD,34.410463,-119.858745
9/7/2013,9/8/2013,1500,1300,WAVE,,1,BLK,6600 SABADO TARDE RD,34.410463,-119.858745
9/13/2013,,1245,0,DIAMON,PEAK,21,BLU,6600 SABADO TARDE RD,34.410463,-119.858745
10/18/2013,10/19/2013,2200,800,FUJI,SAGRES,7,BLU,6600 SABADO TARDE RD,34.410463,-119.858745
7/25/2014,7/26/2014,2000,30,ORIGIN,TOURING,1,BLK,6600 SABADO TARDE RD,34.410463,-119.858745
8/24/2014,8/24/2014,1700,2000,TAKARA,KABUTO,,YEL,6600 SABADO TARDE RD,34.410463,-119.858745
11/15/2014,,506,0,SCHWIN,,21,RED,6600 SABADO TARDE RD,34.410463,-119.858745
1/19/2015,1/19/2015,100,200,SCHWIN,,7,BLK,6600 SABADO TARDE RD,34.410463,-119.858745
2/20/2015,2/20/2015,2200,2330,,,,,6600 SABADO TARDE RD,34.410463,-119.858745
3/15/2015,3/16/2015,2130,730,FIRMST,,,GRN,6600 SABADO TARDE RD,34.410463,-119.858745
4/5/2015,4/6/2015,1200,1100,MARIN,,21,SIL,6600 SABADO TARDE RD,34.410463,-119.858745
6/7/2015,6/7/2015,2315,2320,MONDEC,DIAMOND,,,6600 SABADO TARDE RD,34.410463,-119.858745
6/11/2015,6/11/2015,1000,1800,FUJI,,,BLU,6600 SABADO TARDE RD,34.410463,-119.858745
9/24/2015,,1318,0,VELANO,,,,6600 SABADO TARDE RD,34.410463,-119.858745
10/16/2015,10/16/2015,1,1030,MICARG,,1,BLK,6600 SABADO TARDE RD,34.410463,-119.858745
1/3/2016,,1940,0,MOTOBE,300HT,21,BLU,6600 SABADO TARDE RD,34.410463,-119.858745
10/21/2016,,623,0,ELECTR,,,BLK,6600 SABADO TARDE RD,34.410463,-119.858745
1/16/2011,1/17/2011,2100,1100,NISHIK,,12,BLU,6600 SUENO RD,34.412661,-119.858751
3/4/2011,3/6/2011,1700,1200,NISHIK,BRAVO,21,BLU,6600 SUENO RD,34.412661,-119.858751
8/3/2012,8/3/2012,1,600,GARY F,TARPON,21,BLK,6600 SUENO RD,34.412661,-119.858751
9/13/2012,9/13/2012,301,303,HUFFY,BAYPOINT,,BLU,6600 SUENO RD,34.412661,-119.858751
9/7/2013,9/8/2013,1930,930,KENT,LS SPORT,21,TRQ,6600 SUENO RD,34.412661,-119.858751
1/7/2014,1/7/2014,2120,2137,UNK,UNK,,RED,6600 SUENO RD,34.412661,-119.858751
1/18/2015,1/19/2015,2130,1030,SCHWIN,RANGER,21,BLU,6600 SUENO RD,34.412661,-119.858751
1/18/2015,1/19/2015,2100,1100,UNKNOW,UNKNOWN,1,PLE,6600 SUENO RD,34.412661,-119.858751
6/21/2015,6/24/2015,2000,2300,DAWES,LIGHTNING,21,YEL,6600 SUENO RD,34.412661,-119.858751
1/8/2016,1/9/2016,2230,1030,GIANT,SEEK 3,,GRY,6600 SUENO RD,34.412661,-119.858751
1/17/2016,1/18/2016,1530,930,GIANT,,28,WHI,6600 SUENO RD,34.412661,-119.858751
4/14/2016,4/15/2016,1900,700,REPUBL,ARISTOTLE,1,BGE,6600 SUENO RD,34.412661,-119.858751
4/14/2016,4/15/2016,1900,700,DIAMON,CAROLINA,27,BLK,6600 SUENO RD,34.412661,-119.858751
5/28/2016,5/30/2016,1100,1445,GOLDEN,,,BLK,6600 SUENO RD,34.412661,-119.858751
9/7/2016,9/8/2016,2100,100,MARIN,,,GRY,6600 SUENO RD,34.412661,-119.858751
10/22/2016,10/22/2016,1200,2200,GREENL,CRZR,1,BLU,6600 SUENO RD,34.412661,-119.858751
4/1/2011,4/2/2011,2100,1100,NISHIK,,,BLU,6600 TRIGO RD,34.411414,-119.858833
6/15/2011,6/17/2011,1200,2245,PURFIX,,,,6600 TRIGO RD,34.411414,-119.858833
9/20/2011,,1500,0,FREE,CRUISER,1,RED,6600 TRIGO RD,34.411414,-119.858833
3/1/2012,3/2/2012,2200,2000,SCHWIM,LEGACY,1,GRN,6600 TRIGO RD,34.411414,-119.858833
3/15/2012,3/15/2012,1,830,,,1,BLK,6600 TRIGO RD,34.411414,-119.858833
5/20/2012,5/20/2012,1200,1800,URBAN,FIRMSTRON,1,RED,6600 TRIGO RD,34.411414,-119.858833
6/19/2012,6/21/2012,1700,1300,UNK,,21,WHI,6600 TRIGO RD,34.411414,-119.858833
6/19/2012,6/21/2012,1700,1300,COUGAR,,18,BLU,6600 TRIGO RD,34.411414,-119.858833
6/22/2012,6/22/2012,1000,1600,ELECTR,GIGI,3,LBL,6600 TRIGO RD,34.411414,-119.858833
6/17/2013,6/23/2013,2400,2200,NEXT,,18,WHI,6600 TRIGO RD,34.411414,-119.858833
8/25/2013,,2,0,,CRUISER,1,TAN,6600 TRIGO RD,34.411414,-119.858833
11/5/2013,,1500,0,GIANT,BOULDER,,GRN,6600 TRIGO RD,34.411414,-119.858833
1/11/2014,1/11/2014,100,200,RALEIG,C299,8,MAR,6600 TRIGO RD,34.411414,-119.858833
1/12/2014,1/12/2014,45,145,SPECIA,HARDROCK,,,6600 TRIGO RD,34.411414,-119.858833
1/19/2014,1/19/2014,2100,2330,SPECIA,ALLEZ,21,BLU,6600 TRIGO RD,34.411414,-119.858833
3/10/2014,3/11/2014,2200,830,GITANE,UNKNOWN,,BLU,6600 TRIGO RD,34.411414,-119.858833
4/17/2014,4/18/2014,1200,1500,GREENL,,7,YEL,6600 TRIGO RD,34.411414,-119.858833
6/14/2014,6/23/2014,1900,1200,SPECIA,GLOBE,,BLU,6600 TRIGO RD,34.411414,-119.858833
6/19/2014,6/19/2014,30,800,TREK,1.1,,BLU,6600 TRIGO RD,34.411414,-119.858833
9/30/2014,,1315,0,,,,,6600 TRIGO RD,34.411414,-119.858833
6/14/2015,6/14/2015,900,1000,PUREFI,,,GRN,6600 TRIGO RD,34.411414,-119.858833
9/3/2015,9/3/2015,2020,2050,CUSTOM,TOURING,1,SIL,6600 TRIGO RD,34.411414,-119.858833
10/15/2015,10/16/2015,1700,1000,MICARG,,1,BLK,6600 TRIGO RD,34.411414,-119.858833
12/4/2015,12/5/2015,1700,1130,FIXIE,THRUSTER,1,BLK,6600 TRIGO RD,34.411414,-119.858833
3/4/2016,3/5/2016,2130,130,GHOST,ROAD5000,12,WHI,6600 TRIGO RD,34.411414,-119.858833
3/29/2016,3/30/2016,2030,740,GT,ZUM,8,SIL,6600 TRIGO RD,34.411414,-119.858833
8/15/2016,8/16/2016,2000,850,CANNON,QUICK SL3,27,WHI,6600 TRIGO RD,34.411414,-119.858833
9/20/2016,9/20/2016,1100,1500,G FISH,EQUANCE,26,YEL,6600 TRIGO RD,34.411414,-119.858833
1/2/2011,1/3/2011,2200,1300,SCRAMB,V3,,,6700 ABREGO RD,34.414414,-119.86327
2/21/2011,2/22/2011,2100,900,SUN,CRUISER,,RED,6700 ABREGO RD,34.414414,-119.86327
7/5/2011,,9,0,UNK,LOWRIDER,,BLU,6700 ABREGO RD,34.414414,-119.86327
10/5/2011,10/6/2011,1730,600,TREK,CLASSIC,,LGR,6700 ABREGO RD,34.414414,-119.86327
5/24/2012,5/25/2012,1600,1000,STUCK,RACING,1,PNK,6700 ABREGO RD,34.414414,-119.86327
7/10/2012,7/11/2012,2330,1145,SCHWIN,,21,BLU,6700 ABREGO RD,34.414414,-119.86327
7/10/2012,7/11/2012,1530,1030,3G,,1,RED,6700 ABREGO RD,34.414414,-119.86327
7/14/2012,7/15/2012,2100,700,TREK,TREK,21,SIL,6700 ABREGO RD,34.414414,-119.86327
7/14/2012,7/15/2012,2100,700,TREK,TREK,21,SIL,6700 ABREGO RD,34.414414,-119.86327
8/4/2012,8/5/2012,1800,2243,SPECIA,SIRRUS,24,SIL,6700 ABREGO RD,34.414414,-119.86327
10/1/2012,10/10/2012,1400,1330,SUPERC,PASSION,,YEL,6700 ABREGO RD,34.414414,-119.86327
10/8/2012,10/8/2012,200,800,RUBY,CRUISER,1,RED,6700 ABREGO RD,34.414414,-119.86327
11/16/2012,11/16/2012,100,1330,VILANO,,21,BLK,6700 ABREGO RD,34.414414,-119.86327
1/3/2013,1/18/2013,1000,1339,RETROS,FIXIE,1,WHI,6700 ABREGO RD,34.414414,-119.86327
1/7/2013,1/7/2013,1600,1800,KNS,FLITE 250,21,BLK,6700 ABREGO RD,34.414414,-119.86327
4/19/2013,4/20/2013,2230,1100,TREK,800,,BLK,6700 ABREGO RD,34.414414,-119.86327
10/14/2013,10/15/2013,1300,745,UCSB,GOUCHOS,1,BLK,6700 ABREGO RD,34.414414,-119.86327
10/20/2013,10/21/2013,2200,830,ELECTR,,,GRN,6700 ABREGO RD,34.414414,-119.86327
11/15/2013,11/15/2013,2100,2400,,,,WHI,6700 ABREGO RD,34.414414,-119.86327
2/16/2014,2/17/2014,1400,1800,TREK,M24,,ONG,6700 ABREGO RD,34.414414,-119.86327
6/2/2014,6/3/2014,1200,1400,BIANCH,,21,BLK,6700 ABREGO RD,34.414414,-119.86327
7/18/2014,7/19/2014,2200,730,XGAMES,XGAMES,1,YEL,6700 ABREGO RD,34.414414,-119.86327
11/6/2014,11/10/2014,1200,1440,,,1,BLU,6700 ABREGO RD,34.414414,-119.86327
1/17/2015,,1200,0,SCHWIN,HYBRID,21,SIL,6700 ABREGO RD,34.414414,-119.86327
2/22/2016,2/23/2016,1700,900,SPECIA,ROAD BIKE,21,BLU,6700 ABREGO RD,34.414414,-119.86327
10/10/2016,10/17/2016,1900,1500,SKU,,,BLK,6700 ABREGO RD,34.414414,-119.86327
2/14/2011,2/17/2011,1,1200,MICARG,FIRMSTRON,7,GRN,6700 DEL PLAYA DR,34.409778,-119.862617
6/13/2011,,40,0,COLUMB,TRAILHEAD,18,GRY,6700 DEL PLAYA DR,34.409778,-119.862617
6/13/2011,,40,0,,,1,BLK,6700 DEL PLAYA DR,34.409778,-119.862617
6/13/2011,,40,0,URBAN,,1,WHI,6700 DEL PLAYA DR,34.409778,-119.862617
6/13/2011,,40,0,ROCK S,RETROSPEC,1,BLK,6700 DEL PLAYA DR,34.409778,-119.862617
8/20/2011,8/20/2011,1530,1630,FAT CY,FIXED,,BLK,6700 DEL PLAYA DR,34.409778,-119.862617
11/1/2011,11/1/2011,1200,1700,TREK,EARL,,,6700 DEL PLAYA DR,34.409778,-119.862617
5/1/2012,5/1/2012,1200,1200,FUJI,TRACK,,BLK,6700 DEL PLAYA DR,34.409778,-119.862617
6/6/2012,6/7/2012,2300,800,ORIGIN,,21,GRY,6700 DEL PLAYA DR,34.409778,-119.862617
6/16/2012,6/24/2012,1500,1500,S CRUZ,,,,6700 DEL PLAYA DR,34.409778,-119.862617
6/19/2012,6/24/2012,1230,1129,SCHWIN,JAGUAR,,BLU,6700 DEL PLAYA DR,34.409778,-119.862617
8/23/2012,8/23/2012,130,1000,MICARG,,1,PLE,6700 DEL PLAYA DR,34.409778,-119.862617
8/24/2012,8/26/2012,1930,1100,HIGH S,,15,SIL,6700 DEL PLAYA DR,34.409778,-119.862617
10/7/2012,10/7/2012,1,130,SCHWIN,,22,RED,6700 DEL PLAYA DR,34.409778,-119.862617
11/3/2012,11/3/2012,100,730,,RETROSPEC,1,BLK,6700 DEL PLAYA DR,34.409778,-119.862617
11/3/2012,11/3/2012,100,730,,RETROSPEC,,BLK,6700 DEL PLAYA DR,34.409778,-119.862617
1/25/2013,1/25/2013,2000,2330,,,,,6700 DEL PLAYA DR,34.409778,-119.862617
2/23/2013,2/24/2013,2300,100,VALANO,,2,BLU,6700 DEL PLAYA DR,34.409778,-119.862617
8/18/2013,9/3/2013,800,900,MONGOO,M24,21,BLK,6700 DEL PLAYA DR,34.409778,-119.862617
10/4/2013,10/5/2013,1800,1100,FIXIE,,,,6700 DEL PLAYA DR,34.409778,-119.862617
4/5/2014,4/5/2014,1200,1600,SCHWIN,,6,RED,6700 DEL PLAYA DR,34.409778,-119.862617
6/7/2014,6/8/2014,2200,1500,FIXIE,,1,BLK,6700 DEL PLAYA DR,34.409778,-119.862617
9/7/2014,9/7/2014,400,700,MOTO B,6 SPEED,,WHI,6700 DEL PLAYA DR,34.409778,-119.862617
9/29/2014,9/30/2014,1100,900,THRUST,,1,GRN,6700 DEL PLAYA DR,34.409778,-119.862617
10/2/2014,10/2/2014,1200,1600,3G,CRUISER,1,BLK,6700 DEL PLAYA DR,34.409778,-119.862617
1/5/2015,1/6/2015,2100,1000,UNKNOW,UNKNOWN,,BLK,6700 DEL PLAYA DR,34.409778,-119.862617
3/20/2015,,2230,0,MIGARG,,7,BLK,6700 DEL PLAYA DR,34.409778,-119.862617
10/3/2015,10/4/2015,2000,1000,KENT,,1,WHI,6700 DEL PLAYA DR,34.409778,-119.862617
10/17/2015,10/17/2015,1045,1100,,,1,BRO,6700 DEL PLAYA DR,34.409778,-119.862617
10/17/2015,10/17/2015,1700,1710,PUREFI,,1,TAN,6700 DEL PLAYA DR,34.409778,-119.862617
11/19/2015,11/20/2015,1700,930,DIAMON,OUTLOOK,21,PLE,6700 DEL PLAYA DR,34.409778,-119.862617
1/15/2016,1/19/2016,1300,1000,MICARG,T LX,,BLU,6700 DEL PLAYA DR,34.409778,-119.862617
2/11/2016,,1607,0,NIRVE,,1,BRO,6700 DEL PLAYA DR,34.409778,-119.862617
4/2/2016,4/2/2016,2300,2320,TREK,,,BLK,6700 DEL PLAYA DR,34.409778,-119.862617
5/7/2016,5/9/2016,1200,1000,SCHWIN,3RD AVE,,BLU,6700 DEL PLAYA DR,34.409778,-119.862617
5/16/2016,5/17/2016,900,1000,SCHWIN,,10,GRN,6700 DEL PLAYA DR,34.409778,-119.862617
6/8/2016,6/8/2016,1200,1230,BIANCH,,12,GRN,6700 DEL PLAYA DR,34.409778,-119.862617
9/10/2016,9/11/2016,100,1500,MACARG,,,BLU,6700 DEL PLAYA DR,34.409778,-119.862617
10/15/2016,10/15/2016,2100,2300,6 BIKE,FIXIE,1,BLK,6700 DEL PLAYA DR,34.409778,-119.862617
11/1/2016,11/2/2016,2000,1,RALEIG,SC30,21,PLE,6700 DEL PLAYA DR,34.409778,-119.862617
6/30/2012,7/2/2012,1700,745,SPECIA,HARDROCK,,,6700 EL COLEGIO RD,34.417455,-119.862571
6/13/2014,6/14/2014,2000,1000,TREK,3000,21,BLU,6700 EL COLEGIO RD,34.417455,-119.862571
3/19/2015,3/29/2015,1200,1800,KONA,SHONKY,1,BLU,6700 EL COLEGIO RD,34.417455,-119.862571
1/31/2016,2/1/2016,2000,900,6KU,FIXIE,1,BLK,6700 EL COLEGIO RD,34.417455,-119.862571
4/3/2014,,44,0,,,1,BLU,6700 ESTERO RD,34.413589,-119.864567
2/10/2011,2/11/2011,1900,900,RETROS,ROAD,1,BLK,6700 PASADO RD,34.412681,-119.862616
2/11/2012,2/12/2012,1800,1200,ROCKY,SOLO CXR,,BLK,6700 PASADO RD,34.411711,-119.862616
4/25/2012,4/26/2012,1700,630,MEDICI,OPEN ROAD,3,YEL,6700 PASADO RD,34.411711,-119.862616
11/3/2012,11/4/2012,1200,800,FUJI,ABSOLUTE,21,GRN,6700 PASADO RD,34.411711,-119.862616
4/4/2013,,1316,0,THRUST,FIXIE,1,BLK,6700 PASADO RD,34.411711,-119.862616
6/18/2013,,2030,0,TREK,,21,RED,6700 PASADO RD,34.411711,-119.862616
12/9/2013,12/9/2013,200,800,FUJI,NEWEST,6,WHI,6700 PASADO RD,34.411711,-119.862616
12/9/2013,12/9/2013,200,800,TREX,LEXA,,WHI,6700 PASADO RD,34.411711,-119.862616
5/4/2014,5/4/2014,1,1200,SPECIA,MOUNTAIN,21,PLE,6700 PASADO RD,34.411711,-119.862616
8/16/2014,8/17/2014,1800,1800,TREK,CRUISER,1,WHI,6700 PASADO RD,34.411711,-119.862616
8/16/2014,8/18/2014,1900,1100,MICARG,CRUISER,,WHI,6700 PASADO RD,34.411711,-119.862616
8/26/2014,8/27/2014,1200,850,,,,,6700 PASADO RD,34.411711,-119.862616
10/25/2014,10/25/2014,2200,2400,RALEIG,ALYSA,21,SIL,6700 PASADO RD,34.411711,-119.862616
1/25/2016,1/26/2016,2100,1000,TREK,MARLIN,21,GRN,6700 PASADO RD,34.411711,-119.862616
3/18/2016,3/18/2016,1,800,6KU,,,,6700 PASADO RD,34.411711,-119.862616
5/22/2016,,100,0,SCHWIN,,7,BLU,6700 PASADO RD,34.411711,-119.862616
9/4/2016,9/5/2016,2000,900,UNK,UNK,,BLU,6700 PASADO RD,34.411711,-119.862616
9/4/2016,9/5/2016,2000,900,UNK,UNK,,PNK,6700 PASADO RD,34.411711,-119.862616
8/10/2011,8/11/2011,1700,1030,FIRMST,URBAN,1,GRY,6700 SABADO TARDE RD,34.410453,-119.862649
2/3/2012,2/3/2012,1,200,KHS,FLITE 220,,BLU,6700 SABADO TARDE RD,34.410453,-119.862649
8/18/2012,8/19/2012,2330,600,MIYATA,,1,DGR,6700 SABADO TARDE RD,34.410453,-119.862649
11/21/2012,11/22/2012,1800,1100,BENNY,,,BLU,6700 SABADO TARDE RD,34.410453,-119.862649
3/25/2013,3/30/2013,1200,1530,GIANT,CYPRESS,,BLU,6700 SABADO TARDE RD,34.410453,-119.862649
4/11/2013,4/11/2013,1300,1500,ELECTR,BCH CRUIS,1,GRN,6700 SABADO TARDE RD,34.410453,-119.862649
6/11/2013,6/12/2013,2300,800,GREENL,,1,WHI,6700 SABADO TARDE RD,34.410453,-119.862649
9/21/2013,9/22/2013,2300,930,,,1,BLK,6700 SABADO TARDE RD,34.410453,-119.862649
1/18/2014,,2100,0,SPECI,ALLEZ,,BLU,6700 SABADO TARDE RD,34.410453,-119.862649
2/19/2014,2/20/2014,1800,1220,VILANO,UNK,21,,6700 SABADO TARDE RD,34.410453,-119.862649
6/18/2014,6/19/2014,1300,1600,THRUST,,,BLK,6700 SABADO TARDE RD,34.410453,-119.862649
4/19/2015,4/20/2015,1400,1000,TREK,420,18,BLU,6700 SABADO TARDE RD,34.410453,-119.862649
6/17/2015,6/21/2015,1730,1700,UNKNOW,,,,6700 SABADO TARDE RD,34.410453,-119.862649
10/31/2015,11/1/2015,2000,1200,GIANT,ATX770,21,BLK,6700 SABADO TARDE RD,34.410453,-119.862649
1/3/2016,1/4/2016,2000,300,SKU,ROAD BIKE,,SIL,6700 SABADO TARDE RD,34.410453,-119.862649
2/6/2016,2/6/2016,2230,2330,6KU,FIXIE,,SIL,6700 SABADO TARDE RD,34.410453,-119.862649
3/26/2016,3/27/2016,2200,200,UNKNOW,UNK,1,LBL,6700 SABADO TARDE RD,34.410453,-119.862649
5/14/2016,,30,0,GIANT,,21,RED,6700 SABADO TARDE RD,34.410453,-119.862649
5/21/2016,5/21/2016,30,1000,ZF,,,BLU,6700 SABADO TARDE RD,34.410453,-119.862649
5/21/2016,5/21/2016,30,1000,,,7,PLE,6700 SABADO TARDE RD,34.410453,-119.862649
5/21/2016,5/21/2016,30,1000,VIRTRU,,6,BLK,6700 SABADO TARDE RD,34.410453,-119.862649
6/23/2016,,1600,0,KONA,CHUTE,,RED,6700 SABADO TARDE RD,34.410453,-119.862649
8/19/2016,8/28/2016,1200,1600,TREK,820,21,BLK,6700 SABADO TARDE RD,34.410453,-119.862649
9/9/2016,9/9/2016,2100,2130,UNK,,,,6700 SABADO TARDE RD,34.410453,-119.862649
5/3/2011,5/6/2011,2000,1700,TREK,2200,12,BLU,6700 SUENO RD,34.412683,-119.862618
7/3/2011,7/4/2011,1400,1200,ELECTR,X,1,GRN,6700 SUENO RD,34.412683,-119.862618
10/11/2011,10/13/2011,1200,2000,RALEIG,SPORT,,RED,6700 SUENO RD,34.412683,-119.862618
9/27/2012,9/27/2012,2100,2330,PURE,FIXIE,1,SIL,6700 SUENO RD,34.412683,-119.862618
11/15/2012,11/16/2012,2230,30,FREESP,GREEN BRI,,GRN,6700 SUENO RD,34.412683,-119.862618
2/16/2013,2/17/2013,2000,100,SCOTT,SPORTST,,,6700 SUENO RD,34.412683,-119.862618
7/18/2013,,1640,0,UNK,UNK,,,6700 SUENO RD,34.412683,-119.862618
8/24/2013,,1828,0,SCHWIN,RANGER,21,WHI,6700 SUENO RD,34.412683,-119.862618
11/1/2013,11/2/2013,1,800,DIAMON,INSIGHT,,SIL,6700 SUENO RD,34.412683,-119.862618
5/16/2014,5/17/2014,2100,1100,DIA,TRAVERSE,18,BLU,6700 SUENO RD,34.412683,-119.862618
10/10/2014,,1546,0,PACIFI,EVOLUTION,,BLU,6700 SUENO RD,34.412683,-119.862618
9/20/2015,9/21/2015,1300,1200,SCHWIN,SEARCHER,21,BLK,6700 SUENO RD,34.412683,-119.862618
4/1/2016,4/2/2016,2400,800,MICARG,FIXIE,1,RED,6700 SUENO RD,34.412683,-119.862618
7/31/2016,8/1/2016,1700,900,DIAMON,CLARITY,21,BLU,6700 SUENO RD,34.412683,-119.862618
1/19/2011,1/19/2011,1,630,KONA,PADDYWAGN,,,6700 TRIGO RD,34.411165,-119.862626
1/19/2011,1/19/2011,1,1045,DRAFT,ROADBIKE,,WHI,6700 TRIGO RD,34.411165,-119.862626
4/5/2011,4/6/2011,1800,800,URBAN,FIRMSTRON,1,WHI,6700 TRIGO RD,34.411165,-119.862626
6/14/2011,6/15/2011,1700,1030,URBAN,,2,BLK,6700 TRIGO RD,34.411165,-119.862626
10/15/2011,10/15/2011,100,700,SCWIN,WRLDSPORT,18,RED,6700 TRIGO RD,34.411165,-119.862626
5/10/2012,5/13/2012,1830,1300,MICGRI,ROVER,,GRN,6700 TRIGO RD,34.411165,-119.862626
5/24/2012,5/28/2012,1600,1600,MOTOBE,TRACK,1,YEL,6700 TRIGO RD,34.411165,-119.862626
6/17/2012,6/23/2012,1100,1700,SENATO,,1,PLE,6700 TRIGO RD,34.411165,-119.862626
11/21/2012,11/26/2012,1200,1000,MICARG,,1,BLK,6700 TRIGO RD,34.411165,-119.862626
6/23/2013,,227,0,,,,,6700 TRIGO RD,34.411165,-119.862626
6/29/2013,6/30/2013,2300,930,PHAT,BEACH CRU,,PLE,6700 TRIGO RD,34.411165,-119.862626
6/29/2013,6/30/2013,2300,930,MERCIE,R,,GRN,6700 TRIGO RD,34.411165,-119.862626
7/18/2013,7/22/2013,2000,1500,TREK,,21,PLE,6700 TRIGO RD,34.411165,-119.862626
9/13/2013,9/14/2013,2000,800,SPECIA,CROSSTRIL,27,BLK,6700 TRIGO RD,34.411165,-119.862626
11/13/2013,11/13/2013,100,700,SPECIA,HARDROCK,24,WHI,6700 TRIGO RD,34.411165,-119.862626
2/28/2014,,800,0,ELECTR,,1,BLK,6700 TRIGO RD,34.411165,-119.862626
5/11/2014,5/11/2014,30,930,CRUISE,CRUISER,,ONG,6700 TRIGO RD,34.411165,-119.862626
6/28/2014,7/8/2014,1000,200,NIRVE,ISLAND,1,PNK,6700 TRIGO RD,34.411165,-119.862626
8/16/2014,8/16/2014,200,800,CRUISE,,,,6700 TRIGO RD,34.411165,-119.862626
10/5/2014,10/5/2014,1130,1500,,,,WHI,6700 TRIGO RD,34.411165,-119.862626
10/16/2014,10/17/2014,2330,700,PUEGOT,12 SPEED,,,6700 TRIGO RD,34.411165,-119.862626
12/23/2014,12/24/2014,1700,700,DIAMON,MOUNTAIN,,GRN,6700 TRIGO RD,34.411165,-119.862626
4/11/2015,4/12/2015,1600,1400,NECO,,1,GRN,6700 TRIGO RD,34.411165,-119.862626
8/20/2015,8/24/2015,2000,1900,RETROS,,,WHI,6700 TRIGO RD,34.411165,-119.862626
8/21/2015,8/22/2015,2200,1100,SEQUEN,THRUSTER,1,BLU,6700 TRIGO RD,34.411165,-119.862626
10/23/2015,10/24/2015,1900,1445,HUFFY,,5,BLU,6700 TRIGO RD,34.411165,-119.862626
1/3/2016,1/3/2016,900,2045,SCOTT,CONTESSA,24,WHI,6700 TRIGO RD,34.411165,-119.862626
2/26/2016,2/27/2016,2200,1000,APOLLO,CORINCHE,18,RED,6700 TRIGO RD,34.411165,-119.862626
4/21/2016,4/22/2016,1600,800,UNK,,1,BLU,6700 TRIGO RD,34.411165,-119.862626
8/29/2016,8/30/2016,2345,915,6 BIKE,FIXIE,,GRN,6700 TRIGO RD,34.411165,-119.862626
10/3/2016,10/4/2016,2250,945,CANNON,QUICK,,GRY,6700 TRIGO RD,34.411165,-119.862626
10/10/2016,10/11/2016,1115,1100,FELT,SUPERLIGH,27,WHI,6700 TRIGO RD,34.411165,-119.862626
6/8/2011,8/15/2011,1500,1500,CANNON,,21,BLU,6800 DEL PLAYA DR,34.409995,-119.866599
11/22/2011,11/23/2011,1730,1000,FIRMST,THE CHIEF,1,BLK,6800 DEL PLAYA DR,34.409995,-119.866599
9/1/2012,9/2/2012,2200,130,VILANO,,21,GRY,6800 DEL PLAYA DR,34.409995,-119.866599
11/4/2012,,830,0,GIANT,BOULDER,21,RED,6800 DEL PLAYA DR,34.409995,-119.866599
11/4/2012,,830,0,AVALON,,7,BLU,6800 DEL PLAYA DR,34.409995,-119.866599
11/4/2012,,830,0,SCHWIN,WINDWOOD,,PNK,6800 DEL PLAYA DR,34.409995,-119.866599
11/4/2012,,830,0,LAJOLL,,1,PLE,6800 DEL PLAYA DR,34.409995,-119.866599
11/4/2012,,830,0,PHAT,,1,PLE,6800 DEL PLAYA DR,34.409995,-119.866599
11/4/2012,,830,0,SCHWIN,SIDEWINDE,,PLE,6800 DEL PLAYA DR,34.409995,-119.866599
5/15/2015,,2330,0,SCHWIN,CRUISER,6,BLK,6800 DEL PLAYA DR,34.409995,-119.866599
1/31/2014,,1141,0,MICARG,PANTERA,1,TRQ,6800 EL COLEGIO RD,34.417469,-119.866558
5/10/2015,5/10/2015,1900,2030,,,,,6800 EL COLEGIO RD,34.417469,-119.866558
9/15/2011,10/3/2011,1300,1900,GIANT,OCRI,12,,6800 FORTUNA RD,34.412404,-119.866431
12/14/2012,12/15/2012,2200,900,HUFFY,SCOUT,,,6800 FORTUNA RD,34.412404,-119.866431
8/10/2013,8/11/2013,1800,700,SCHWIN,TRAVELER,,,6800 FORTUNA RD,34.412404,-119.866431
5/2/2015,5/2/2015,1,900,SKU,,1,GRN,6800 FORTUNA RD,34.412404,-119.866431
2/20/2016,2/21/2016,2230,1000,GIANT,,21,WHI,6800 FORTUNA RD,34.412404,-119.866431
6/15/2016,,1230,0,MARIN,,,BLK,6800 FORTUNA RD,34.412404,-119.866431
10/29/2011,10/30/2011,1200,1200,MOUNTA,,,GRY,6800 PASADO RD,34.411738,-119.866472
2/9/2012,2/10/2012,1545,755,,,,,6800 PASADO RD,34.411738,-119.866472
3/17/2013,3/17/2013,200,1000,MONGOO,,21,SIL,6800 PASADO RD,34.411738,-119.866472
10/12/2013,10/13/2013,2330,1600,KENT,CITY CRUI,1,BLU,6800 PASADO RD,34.411738,-119.866472
5/31/2015,6/1/2015,2000,740,MIYATA,,10,WHI,6800 PASADO RD,34.411738,-119.866472
2/6/2016,2/6/2016,2200,2400,FIRMST,EXTREME,1,BLK,6800 PASADO RD,34.411738,-119.866472
3/28/2016,3/29/2016,2300,130,MICARG,,1,BLK,6800 PASADO RD,34.411738,-119.866472
3/28/2016,3/29/2016,2300,130,MONTEB,ROADBIKE,14,BLK,6800 PASADO RD,34.411738,-119.866472
3/28/2016,3/29/2016,2300,130,UNK,,,,6800 PASADO RD,34.411738,-119.866472
10/29/2016,10/30/2016,2000,1145,,,1,BLK,6800 PASADO RD,34.411738,-119.866472
5/10/2013,5/11/2013,2200,1100,DELLAS,,14,PLE,6800 SABADO TARDE RD,34.41049,-119.866475
8/12/2014,8/12/2014,30,800,TREK,SINGLE,,,6800 SABADO TARDE RD,34.41049,-119.866475
1/5/2015,1/6/2015,2230,1145,CANNON,,12,RED,6800 SABADO TARDE RD,34.41049,-119.866475
6/13/2013,,846,0,SCHWIN,UNK,1,PNK,6800 SUENO RD,34.412681,-119.866203
2/2/2013,2/3/2013,2100,1130,SCHW,CROSS OVR,,SIL,6800 TRIGO RD,34.41116,-119.866463
2/3/2013,2/3/2013,30,130,FIXY,,,,6800 TRIGO RD,34.41116,-119.866463
2/3/2013,2/3/2013,30,130,SPEC,ALLZE,21,BLK,6800 TRIGO RD,34.41116,-119.866463
4/22/2013,4/23/2013,2030,800,ORIGIN,8,1,GRY,6800 TRIGO RD,34.41116,-119.866463
3/31/2015,3/31/2015,930,1400,JAMIS,,18,RED,6800 TRIGO RD,34.41116,-119.866463
4/3/2015,,1900,0,SCHWIN,PRELUDE,14,RED,6800 TRIGO RD,34.41116,-119.866463
6/24/2015,,1505,0,SCHWIN,,,,6800 TRIGO RD,34.41116,-119.866463
9/11/2016,9/11/2016,300,700,6 BIKE,FIXIE,,BLK,6800 TRIGO RD,34.41116,-119.866463
11/4/2016,11/5/2016,1800,1100,FAIRDA,TOURING,9,BLU,6800 TRIGO RD,34.41116,-119.866463
2/21/2011,2/21/2011,1200,1300,MICARG,FIXIE,1,BLU,700 CAMINO DEL SUR ,34.4173,-119.862514
2/21/2011,2/21/2011,1200,1300,SPECIA,,12,BLK,700 CAMINO DEL SUR ,34.4173,-119.862514
11/18/2011,11/19/2011,2200,830,SCHWIN,FRONTIER,21,GRN,700 CAMINO DEL SUR ,34.4173,-119.862514
11/21/2011,,830,0,JETSTR,,1,DBL,700 CAMINO DEL SUR ,34.4173,-119.862514
5/12/2012,5/14/2012,2100,950,(UNK),ROAD,1,WHI,700 CAMINO DEL SUR ,34.4173,-119.862514
6/15/2012,9/20/2012,1500,1500,HUFFY,RIDGE,15,BLK,700 CAMINO DEL SUR ,34.4173,-119.862514
6/28/2012,6/29/2012,2200,1000,CORSAR,CINTRA,12,RED,700 CAMINO DEL SUR ,34.4173,-119.862514
8/18/2012,8/18/2012,700,730,RALEIG,M20,21,BLK,700 CAMINO DEL SUR ,34.4173,-119.862514
10/4/2012,10/5/2012,1800,630,DAWES,,,SIL,700 CAMINO DEL SUR ,34.4173,-119.862514
10/5/2012,10/5/2012,730,1100,RETROS,,,YEL,700 CAMINO DEL SUR ,34.4173,-119.862514
11/22/2012,11/24/2012,1700,1230,GARY F,,21,GRN,700 CAMINO DEL SUR ,34.4173,-119.862514
11/24/2012,11/25/2012,1830,1030,CANOND,,24,BLK,700 CAMINO DEL SUR ,34.4173,-119.862514
3/7/2013,3/11/2013,1700,1248,,,,,700 CAMINO DEL SUR ,34.4173,-119.862514
4/3/2013,,1604,0,PIVIT,,,,700 CAMINO DEL SUR ,34.4173,-119.862514
5/4/2013,5/5/2013,2100,200,TRANSI,CUSTOM,1,BLK,700 CAMINO DEL SUR ,34.4173,-119.862514
5/5/2013,5/5/2013,1,400,RALLY,SPORT,,BLK,700 CAMINO DEL SUR ,34.4173,-119.862514
5/5/2013,5/5/2013,1,400,MASI,,,GRN,700 CAMINO DEL SUR ,34.4173,-119.862514
5/5/2013,5/7/2013,1600,1000,DELANO,,,BLK,700 CAMINO DEL SUR ,34.4173,-119.862514
5/5/2013,5/7/2013,1600,1000,DELANO,,,BLU,700 CAMINO DEL SUR ,34.4173,-119.862514
10/5/2013,10/7/2013,1200,230,TREK,M21,,GRN,700 CAMINO DEL SUR ,34.4173,-119.862514
5/18/2014,5/19/2014,1800,730,KARACH,FIXIE,1,WHI,700 CAMINO DEL SUR ,34.4173,-119.862514
9/15/2014,9/16/2014,1500,1600,DIAMON,HYBRID,,BLU,700 CAMINO DEL SUR ,34.412681,-119.862514
3/27/2015,3/29/2015,1500,2300,GIANT,,21,PLE,700 CAMINO DEL SUR ,34.4173,-119.862514
6/4/2015,6/7/2015,1700,2000,PURE F,,1,BLK,700 CAMINO DEL SUR ,34.4173,-119.862514
6/7/2015,6/8/2015,2200,1000,SKU,,1,LGR,700 CAMINO DEL SUR ,34.4173,-119.862514
7/10/2015,,2300,0,WINDSO,LIMELINE,1,WHI,700 CAMINO DEL SUR ,34.4173,-119.862514
8/26/2015,9/1/2015,1900,1600,,,,GRN,700 CAMINO DEL SUR ,34.4173,-119.862514
2/20/2016,2/20/2016,630,800,UNK,,,,700 CAMINO DEL SUR ,34.4173,-119.862514
2/20/2016,2/20/2016,630,800,UNK,,,,700 CAMINO DEL SUR ,34.4173,-119.862514
9/25/2016,9/25/2016,200,1700,6KU,,,WHI,700 CAMINO DEL SUR ,34.4173,-119.862514
4/13/2012,4/14/2012,1400,900,DIAMON,OUTLOOK,24,BLU,700 CAMINO PESCADERO ,34.417276,-119.858668
10/5/2013,10/6/2013,2200,930,,,1,BLU,700 CAMINO PESCADERO ,34.417276,-119.858668
12/27/2015,12/27/2015,1130,1143,ELECTR,,1,BLK,700 CAMINO PESCADERO ,34.417276,-119.858668
10/28/2016,10/29/2016,2359,1000,TORKER,THUNDERBI,1,GRN,700 CAMINO PESCADERO ,34.417276,-119.858668
1/13/2011,1/17/2011,1900,1000,PHAT,SEA CREST,3,GRN,700 EMBARCADERO DEL MAR ,34.417275,-119.857002
4/26/2012,4/27/2012,2300,1200,SCHWIN,TANDEM,,,700 EMBARCADERO DEL MAR ,34.417275,-119.857002
5/6/2012,5/7/2012,1000,730,RALEIG,ROAD STYL,21,RED,700 EMBARCADERO DEL MAR ,34.417275,-119.857002
7/4/2014,7/5/2014,2200,1200,RALEIG,M50,24,BLK,700 EMBARCADERO DEL MAR ,34.417275,-119.857002
4/24/2015,4/25/2015,2000,230,SCHWIN,,1,BLU,700 EMBARCADERO DEL MAR ,34.417275,-119.857002
4/24/2015,4/25/2015,2000,230,,,1,BLK,700 EMBARCADERO DEL MAR ,34.417275,-119.857002
9/24/2015,,750,0,FUJI,ROUBAIX,,BLU,700 EMBARCADERO DEL MAR ,34.417275,-119.857002
7/10/2011,7/11/2011,2130,1000,NOVARA,,21,YEL,700 EMBARCADERO DEL NORT ,34.417275,-119.857002
9/2/2011,9/2/2011,100,1000,RETROS,,,DGR,700 EMBARCADERO DEL NORT ,34.417275,-119.857002
10/1/2011,10/2/2011,1700,1500,PEUGOT,,8,ONG,700 EMBARCADERO DEL NORT ,34.417275,-119.857002
10/19/2011,10/19/2011,130,730,SCHWIN,,10,SIL,700 EMBARCADERO DEL NORT ,34.417275,-119.857002
10/29/2011,10/30/2011,1500,1800,PURE F,,1,GRN,700 EMBARCADERO DEL NORT ,34.417275,-119.857002
10/30/2013,11/2/2013,1900,1400,ELECTR,BEACH CRU,7,GRN,700 EMBARCADERO DEL NORT ,34.417275,-119.857002
12/4/2013,12/5/2013,2200,730,ELECTR,,1,BLK,700 EMBARCADERO DEL NORT ,34.417275,-119.857002
3/3/2014,3/4/2014,2130,500,TREK,7.0X,21,SIL,700 EMBARCADERO DEL NORT ,34.417275,-119.857002
4/26/2014,4/27/2014,2300,300,FIRMST,ROAD,,WHI,700 EMBARCADERO DEL NORT ,34.417275,-119.857002
6/14/2014,6/21/2014,1200,1500,,,,YEL,700 EMBARCADERO DEL NORT ,34.417275,-119.857002
6/15/2014,6/22/2014,900,1700,,,1,DGR,700 EMBARCADERO DEL NORT ,34.417275,-119.857002
12/20/2015,1/2/2016,800,2300,SPECIA,MOUNTAIN,7,RED,700 EMBARCADERO DEL NORT ,34.417275,-119.857002
6/17/2011,6/20/2011,1200,1100,,,,,800 CAMINO CORTO ,34.415157,-119.866505
1/18/2013,1/18/2013,100,1200,SPECIA,ROAD BIKE,21,SIL,800 CAMINO CORTO ,34.415157,-119.866505
8/22/2014,8/24/2014,1900,1000,GIANT,ESCAPE,24,BLK,800 CAMINO CORTO ,34.415157,-119.866505
11/8/2014,11/8/2014,115,134,FIRMST,,,YEL,800 CAMINO DEL SUR ,34.415207,-119.862562
5/28/2015,5/29/2015,2300,130,MERCIE,ELLE,,LGR,800 CAMINO DEL SUR ,34.415207,-119.862562
7/11/2015,7/23/2015,1700,1712,TREK,,,,800 CAMINO DEL SUR ,34.415207,-119.862562
1/8/2016,1/9/2016,2200,1700,GRAVIT,,1,ONG,800 CAMINO DEL SUR ,34.415207,-119.862562
3/29/2016,4/3/2016,1400,1100,GARY F,,24,WHI,800 CAMINO DEL SUR ,34.415207,-119.862562
5/17/2016,5/20/2016,2300,900,HERMAN,,29,GRY,800 CAMINO DEL SUR ,34.415207,-119.862562
10/17/2016,10/18/2016,1900,900,MODEMA,GP,8,BLK,800 CAMINO DEL SUR ,34.415207,-119.862562
8/18/2016,8/18/2016,300,900,FS,,,RED,800 CAMINO LINDO ,34.413192,-119.867489
8/18/2016,8/18/2016,300,900,,,,WHI,800 CAMINO LINDO ,34.413192,-119.867489
8/18/2016,8/18/2016,300,900,,,,BLK,800 CAMINO LINDO ,34.413192,-119.867489
4/9/2011,,1100,0,RALEIG,,,BLK,800 CAMINO PESCADERO ,34.415014,-119.858689
9/30/2011,10/1/2011,2000,1200,RETROS,,1,RED,800 CAMINO PESCADERO ,34.415014,-119.858689
10/19/2011,10/20/2011,1500,1000,RETRSP,CT,1,PNK,800 CAMINO PESCADERO ,34.415014,-119.858689
10/31/2011,10/31/2011,100,1000,MOTOBE,,12,PLE,800 CAMINO PESCADERO ,34.415014,-119.858689
3/10/2012,,800,0,SCHWIN,RACER,,BLK,800 CAMINO PESCADERO ,34.415014,-119.858689
5/19/2012,5/20/2012,1900,200,TREK,3SER 3500,21,SIL,800 CAMINO PESCADERO ,34.415014,-119.858689
6/17/2012,6/19/2012,1000,1300,FELT,CLAIREMON,1,ONG,800 CAMINO PESCADERO ,34.412681,-119.858689
9/19/2012,9/25/2012,1300,1900,MICARG,,,BLU,800 CAMINO PESCADERO ,34.415014,-119.858689
11/10/2012,11/12/2012,2000,800,S&W,,24,WHI,800 CAMINO PESCADERO ,34.415014,-119.858689
2/17/2013,2/24/2013,1800,1400,3G,,,BLU,800 CAMINO PESCADERO ,34.415014,-119.858689
4/8/2013,4/8/2013,1630,2030,ELECTR,TOWNIE,7,RED,800 CAMINO PESCADERO ,34.415014,-119.858689
5/17/2013,5/18/2013,100,1000,GREENL,UNK,,,800 CAMINO PESCADERO ,34.415014,-119.858689
6/15/2013,6/17/2013,1500,1000,SCHWIN,CRUISER,,BLU,800 CAMINO PESCADERO ,34.415014,-119.858689
8/21/2013,8/22/2013,1830,900,DIAMON,,13,BLK,800 CAMINO PESCADERO ,34.415014,-119.858689
10/30/2013,,1357,0,FISHER,ALL TERA,21,WHI,800 CAMINO PESCADERO ,34.415014,-119.858689
11/6/2013,11/7/2013,1900,100,JAMYS,,,SIL,800 CAMINO PESCADERO ,34.415014,-119.858689
11/15/2013,11/16/2013,2400,1026,,,1,BLK,800 CAMINO PESCADERO ,34.415014,-119.858689
4/9/2015,4/13/2015,1645,910,URBAN,CRUISER,1,LGR,800 CAMINO PESCADERO ,34.415014,-119.858689
6/23/2015,6/24/2015,1900,1030,BELLA,,1,LGR,800 CAMINO PESCADERO ,34.415014,-119.858689
9/12/2016,9/13/2016,2100,1500,GMC,DENALI,,BLK,800 CAMINO PESCADERO ,34.415014,-119.858689
10/18/2016,10/19/2016,2200,300,SPECIA,ALLEZ,,BLU,800 CAMINO PESCADERO ,34.415014,-119.858689
10/1/2011,10/3/2011,1800,2200,FIRMST,,,YEL,800 EMBARCADERO DEL MAR ,34.414879,-119.856855
6/27/2012,6/28/2012,1830,1700,MICARG,ROADBIKE,,GRN,800 EMBARCADERO DEL MAR ,34.414879,-119.856855
11/2/2013,11/2/2013,1300,1305,SPECIA,ROCK,21,GRN,800 EMBARCADERO DEL MAR ,34.414879,-119.856855
6/24/2014,,1422,0,ELECTR,BETTY,,WHI,800 EMBARCADERO DEL MAR ,34.414879,-119.856855
4/11/2015,4/11/2015,1,20,NISHIK,,21,GRN,800 EMBARCADERO DEL MAR ,34.414879,-119.856855
5/11/2015,5/11/2015,1100,1100,SUN,,,MAR,800 EMBARCADERO DEL MAR ,34.414879,-119.856855
11/20/2015,11/22/2015,600,1200,URBAN,,,PNK,800 EMBARCADERO DEL MAR ,34.414879,-119.856855
7/22/2016,7/23/2016,1800,1500,TREK,LEXA,,BLU,800 EMBARCADERO DEL MAR ,34.414879,-119.856855
10/9/2016,10/10/2016,2000,700,HARO,BMX,,YEL,800 EMBARCADERO DEL MAR ,34.414879,-119.856855
2/20/2012,,530,0,SCHWIN,LE TOUR,,GLD,800 EMBARCADERO DEL NORT ,34.414879,-119.856855
4/27/2012,4/30/2012,1700,800,UNK,,1,BLK,800 EMBARCADERO DEL NORT ,34.414879,-119.856855
8/24/2012,8/25/2012,2300,900,,,1,WHI,800 EMBARCADERO DEL NORT ,34.414879,-119.856855
8/9/2013,8/10/2013,1159,930,TREK,3500,21,BLK,800 EMBARCADERO DEL NORT ,34.414879,-119.856855
9/27/2013,,1000,0,SCHWIN,,12,GRY,800 EMBARCADERO DEL NORT ,34.414879,-119.856855
10/16/2013,10/16/2013,100,720,NISHIK,,,,800 EMBARCADERO DEL NORT ,34.414879,-119.856855
10/16/2013,10/16/2013,100,720,GITANE,,,,800 EMBARCADERO DEL NORT ,34.414879,-119.856855
12/13/2014,12/13/2014,135,140,GIANT,,21,BLK,800 EMBARCADERO DEL NORT ,34.414879,-119.856855
1/12/2015,1/13/2015,2100,1000,TREK,UNKNOWN,24,BLK,800 EMBARCADERO DEL NORT ,34.414879,-119.856855
3/10/2016,3/14/2016,1800,1600,MBX,,,,800 EMBARCADERO DEL NORT ,34.414879,-119.856855
6/14/2013,6/23/2013,1330,2030,MICARG,,1,RED,800 EMBARCADERO DEL NORTE ,34.414879,-119.856855
2/28/2016,2/28/2016,700,1400,GIANT,RINCON,21,RED,800 FORTUNA LN,34.413544,-119.866882
1/14/2012,1/15/2012,2330,1217,FIXE,,,,900 CAMINO CORTO ,34.412642,-119.866381
11/10/2012,11/13/2012,1200,550,FIRMST,CRUISER,,BRO,900 CAMINO CORTO ,34.412642,-119.866381
3/7/2014,,2200,0,FUJI,ROADBIKE,,BLK,900 CAMINO CORTO ,34.412642,-119.866381
2/4/2011,2/13/2011,2200,1130,3G,,1,GRN,900 CAMINO DEL SUR ,34.412648,-119.862561
2/4/2011,2/13/2011,2200,1130,3G,,1,BLK,900 CAMINO DEL SUR ,34.412648,-119.862561
7/10/2012,7/11/2012,2100,1200,SCHWIN,,1,LGR,900 CAMINO DEL SUR ,34.412648,-119.862561
7/10/2012,7/11/2012,2100,1200,,,1,WHI,900 CAMINO DEL SUR ,34.412648,-119.862561
11/2/2013,11/2/2013,100,500,CRUIS,SPEC,1,BLK,900 CAMINO DEL SUR ,34.412648,-119.862561
6/16/2014,7/2/2014,1200,1200,URBAN,FIRMSTRON,1,YEL,900 CAMINO DEL SUR ,34.412648,-119.862561
7/2/2015,7/3/2015,2000,1700,GIANT,DEFY,,,900 CAMINO DEL SUR ,34.412648,-119.862561
7/2/2015,7/3/2015,2000,1700,GIANT,DEFY,,,900 CAMINO DEL SUR ,34.412648,-119.862561
6/23/2016,6/23/2016,1237,1245,LUSTRE,DIAMOND B,21,BLU,900 CAMINO LINDO ,34.412521,-119.867921
6/23/2016,6/23/2016,1237,1245,DIAMON,,21,BLK,900 CAMINO LINDO ,34.412521,-119.867921
1/23/2012,1/24/2012,2100,940,MONGOO,SPIRE,18,RED,900 CAMINO PESCADERO ,34.413093,-119.858688
9/22/2012,9/22/2012,1,1230,UNK,,1,DGR,900 CAMINO PESCADERO ,34.413093,-119.858688
3/16/2013,3/16/2013,1,800,MONGOO,,,RED,900 CAMINO PESCADERO ,34.413093,-119.858688
4/7/2013,,2300,0,,,,,900 CAMINO PESCADERO ,34.413093,-119.858688
1/3/2016,1/3/2016,1900,2000,NOVARA,,24,GRN,900 CAMINO PESCADERO ,34.413093,-119.858688
7/30/2011,,900,0,CANNON,,,YEL,900 EMBARCADERO DEL MAR ,34.412933,-119.856823
2/28/2012,,1600,0,DIAMON,,,BLU,900 EMBARCADERO DEL MAR ,34.412933,-119.856823
10/15/2012,,2300,0,SPECIA,ALL TERRA,21,GRN,900 EMBARCADERO DEL MAR ,34.412933,-119.856823
1/19/2013,,2142,0,MICARG,FIXIE,1,BLK,900 EMBARCADERO DEL MAR ,34.412933,-119.856823
2/9/2013,2/9/2013,1800,1814,SCHWIN,CRUISER,,PLE,900 EMBARCADERO DEL MAR ,34.412933,-119.856823
11/12/2013,,1715,0,MIAMI,TRIKE,,RED,900 EMBARCADERO DEL MAR ,34.412933,-119.856823
2/13/2015,2/16/2015,2345,1615,SHIMAN,PINNACLE,5,BLK,900 EMBARCADERO DEL MAR ,34.412933,-119.856823
2/13/2015,2/16/2015,2345,1615,UNKNOW,PINNACLE,,,900 EMBARCADERO DEL MAR ,34.412933,-119.856823
2/13/2015,2/16/2015,2345,1615,SUN,ATLAS,1,YEL,900 EMBARCADERO DEL MAR ,34.412933,-119.856823
2/13/2015,2/16/2015,2345,1615,SUN,ATLAS,1,YEL,900 EMBARCADERO DEL MAR ,34.412933,-119.856823
2/28/2015,3/1/2015,1900,1500,FIXIE,FIXIE,1,GRY,900 EMBARCADERO DEL MAR ,34.412933,-119.856823
7/3/2015,7/3/2015,1500,1530,FUJI,,27,BLK,900 EMBARCADERO DEL MAR ,34.412933,-119.856823
8/14/2015,,1507,0,,,,BLK,900 EMBARCADERO DEL MAR ,34.412933,-119.856823
11/8/2015,11/8/2015,1220,1230,6KU,,1,BLK,900 EMBARCADERO DEL MAR ,34.412933,-119.856823
3/11/2016,3/12/2016,2000,2400,GIANT,ESCAPE,,BLK,900 EMBARCADERO DEL MAR ,34.412933,-119.856823
5/3/2016,5/3/2016,2300,2330,,,,BLU,900 EMBARCADERO DEL MAR ,34.412933,-119.856823
3/9/2011,3/10/2011,1800,1000,TREK,ALPHA3500,18,BLU,900 EMBARCADERO DEL NORT ,34.41309,-119.855377
6/17/2013,9/21/2013,1500,1300,HUFFY,,1,TRQ,900 EMBARCADERO DEL NORT ,34.41309,-119.855377
12/6/2014,12/7/2014,2300,1900,DIAMON,RESPONSE,,BLK,900 EMBARCADERO DEL NORT ,34.41309,-119.855377
4/20/2015,4/20/2015,930,1200,CANNON,HD300,18,GRY,900 EMBARCADERO DEL NORT ,34.41309,-119.855377
6/12/2016,6/12/2016,2300,2305,SCHWIN,,,,900 EMBARCADERO DEL NORT ,34.41309,-119.855377
7/22/2016,7/24/2016,1500,2359,ELECTR,CRUISER,1,WHI,900 EMBARCADERO DEL NORT ,34.41309,-119.855377
5/5/2011,5/9/2011,1900,1000,PHAT,,,,ABREGO,,
4/9/2011,4/9/2011,1900,2359,NISHIK,RIVIERA,20,BLU,CAMINO CORTO,,
5/13/2011,5/14/2011,2330,30,TREK,RODBIK,,,CAMINO CORTO,,
5/22/2011,5/22/2011,1,1400,NOVARR,BONITA,24,PLE,CAMINO CORTO,,
4/10/2011,,1625,0,ELECTR,BLANC ET,1,WHI,CAMINO DEL SUR,,
6/19/2011,6/19/2011,2300,2330,URBAN,CRUISER,1,GRN,CAMINO DEL SUR,,
4/2/2011,4/8/2011,1200,1200,PEUGEO,FIXED GEA,,,CAMINO PESCADERO,,
4/8/2011,4/9/2011,1000,1100,SANTA,BLUR,27,BLK,CAMINO PESCADERO,,
4/21/2011,,1015,0,UNIVEG,GRAN TURI,18,GRY,CAMINO PESCADERO,,
5/31/2011,6/1/2011,2000,1400,HULU,UNKNOWN,,MAR,DEL PLAYA,,
5/21/2011,5/22/2011,2300,100,MICARG,TOUCH,1,PNK,EL COLEGIO,,
4/15/2011,4/18/2011,1630,900,PHAT,MELODIE,,,EL GRECO,,
4/23/2011,4/24/2011,2200,1300,GRANT,UNK,21,BLU,EMBARCADERO DEL MAR,,
5/12/2011,5/13/2011,2100,800,CONTEM,,9,BLK,EMBARCADERO DEL MAR,,
4/11/2011,4/11/2011,1630,1800,UNIVEG,VIA ORO,,GRY,EMBARCADERO DEL NORT,,
4/15/2011,,1524,0,DAWES,,,,EMBARCADERO DEL NORT,,
4/22/2011,4/22/2011,1000,1200,,,,,EMBARCADERO DEL NORT,,
4/23/2011,4/24/2011,1600,1030,SPECIA,LIZED,21,SIL,EMBARCADERO DEL NORT,,
5/11/2011,5/11/2011,930,1200,SUN,MIAMI,,BLU,EMBARCADERO DEL NORT,,
5/14/2011,5/15/2011,2230,1,ICE CR,BRUISER,1,BLK,EMBARCADERO DEL NORT,,
5/20/2011,5/23/2011,1300,2123,HIGH S,,,WHI,EMBARCADERO DEL NORT,,
5/26/2011,5/27/2011,1800,645,PHAT,,1,RED,EMBARCADERO DEL NORT,,
4/9/2011,4/10/2011,1500,900,HUFFY,TITAN,,ONG,UNKNOWN LOCATION IN ISLA VISTA,,
8/21/2011,8/22/2011,2200,1000,SCHWIN,,10,WHI,UNKNOWN LOCATION IN ISLA VISTA,,
10/17/2011,10/17/2011,1900,2100,UNKNOW,,1,BRO,UNKNOWN LOCATION IN ISLA VISTA,,
10/23/2011,,19,0,UNK,,,,UNKNOWN LOCATION IN ISLA VISTA,,
11/11/2011,11/11/2011,2000,2300,KONA,,,GRN,UNKNOWN LOCATION IN ISLA VISTA,,
1/19/2012,1/22/2012,1200,1900,ELECTR,HAWAII,1,PNK,UNKNOWN LOCATION IN ISLA VISTA,,
1/22/2012,,1308,0,,,,RED,UNKNOWN LOCATION IN ISLA VISTA,,
3/19/2012,3/19/2012,1845,2100,KENT,CRUISER,,BLK,UNKNOWN LOCATION IN ISLA VISTA,,
11/1/2013,,920,0,FIXIE,,1,SIL,UNKNOWN LOCATION IN ISLA VISTA,,
2/22/2014,2/22/2014,200,1945,,,,,UNKNOWN LOCATION IN ISLA VISTA,,
3/2/2014,,1440,0,,,,,UNKNOWN LOCATION IN ISLA VISTA,,
3/3/2014,3/3/2014,1220,1230,SCHWIN,RANGE,12,GRN,UNKNOWN LOCATION IN ISLA VISTA,,
3/15/2014,3/15/2014,1705,1715,TREK,Y3,,BLU,UNKNOWN LOCATION IN ISLA VISTA,,
5/13/2014,,900,0,ELECTR,,1,BLK,UNKNOWN LOCATION IN ISLA VISTA,,
8/16/2014,8/17/2014,2100,900,GIANT,,,GRY,UNKNOWN LOCATION IN ISLA VISTA,,
11/4/2014,11/4/2014,915,1200,6KU,,1,BLU,UNKNOWN LOCATION IN ISLA VISTA,,
11/15/2014,11/16/2014,2000,1,FIXIE,THRUSTER,1,GRN,UNKNOWN LOCATION IN ISLA VISTA,,
3/31/2015,3/31/2015,930,1600,,,,,UNKNOWN LOCATION IN ISLA VISTA,,
12/16/2015,,342,0,MONGOO,ROCKADILE,18,GRN,UNKNOWN LOCATION IN ISLA VISTA,,
12/16/2015,,342,0,TREK,820,21,PLE,UNKNOWN LOCATION IN ISLA VISTA,,
8/14/2016,8/15/2016,2200,915,MICARG,,1,BLK,UNKNOWN LOCATION IN ISLA VISTA,,
